,PM2.5,PM10,NO2,NH3,SO2,CO,Ozone
0,99.25,213.53,17.1,7.73,27.88,0.56,52.69
1,55.64,213.53,17.21,7.73,20.45,0.98,38.29
2,71.49,213.53,17.81,7.73,22.31,1.09,34.55
3,75.06,213.53,17.67,7.73,15.82,0.98,32.5
4,73.29,213.53,18.42,7.73,13.92,1.23,38.51
5,67.1,213.53,16.79,7.73,11.69,0.76,35.15
6,56.17,213.53,17.27,7.73,15.21,0.86,23.03
7,66.49,213.53,18.43,7.73,26.92,0.95,27.76
8,77.11,213.53,16.32,7.73,6.89,0.95,38.19
9,66.07,213.53,17.49,7.73,7.45,0.91,28.64
10,69.68,213.53,14.84,7.73,6.62,0.89,44.37
11,56.74,213.53,15.37,7.73,9.81,0.51,36.02
12,67.76,213.53,15.5,7.73,19.12,1.13,24.39
13,90.77,213.53,14.89,7.73,25.57,0.69,45.28
14,74.87,213.53,12.81,7.73,22.91,1.69,43.37
15,67.88,213.53,12.79,7.73,13.77,0.53,21.74
16,75.51,213.53,11.99,7.73,10.5,0.62,43.04
17,72.68,213.53,13.77,7.73,10.41,1.0,43.59
18,57.45,213.53,14.22,7.73,10.46,0.59,37.83
19,54.56,213.53,13.59,7.73,17.43,1.11,42.35
20,65.67,213.53,14.18,7.73,9.58,0.46,25.01
21,111.06,213.53,12.77,7.73,10.16,0.7,33.65
22,21.44,213.53,12.46,7.73,11.23,0.89,36.53
23,33.7,213.53,12.11,7.73,12.57,0.67,35.95
24,22.35,213.53,12.76,7.73,10.42,0.94,16.64
25,12.74,213.53,10.48,7.73,6.53,0.84,17.12
26,10.72,213.53,10.44,7.73,7.82,0.89,23.56
27,11.17,213.53,10.63,7.73,9.14,0.92,23.38
28,28.67,213.53,12.83,7.73,50.98,0.79,22.4
29,42.75,213.53,13.5,7.73,25.86,0.68,27.97
30,32.01,213.53,12.02,7.73,10.61,0.76,31.52
31,32.72,213.53,12.76,7.73,10.95,0.55,39.56
32,31.06,213.53,12.94,7.73,10.06,0.7,44.37
33,25.93,213.53,13.12,7.73,12.87,0.75,38.78
34,22.01,213.53,13.36,7.73,13.79,0.81,42.2
35,37.33,213.53,15.37,7.73,14.23,0.91,51.54
36,36.38,213.53,13.06,7.73,11.08,0.87,52.95
37,44.01,213.53,13.57,7.73,10.87,1.08,37.75
38,43.51,213.53,12.34,7.73,9.09,1.08,30.59
39,26.43,213.53,11.17,7.73,5.91,0.52,15.96
40,18.24,213.53,12.01,7.73,8.54,0.98,16.51
41,39.56,213.53,11.62,7.73,7.69,0.96,19.45
42,45.4,213.53,12.41,7.73,6.36,0.8,43.11
43,197.99,213.53,14.95,7.73,18.58,0.81,58.02
44,392.29,213.53,13.21,7.73,14.45,0.91,42.26
45,55.14,213.53,12.88,7.73,11.08,1.12,22.86
46,33.24,213.53,11.58,7.73,7.79,0.55,19.58
47,71.55,213.53,11.03,7.73,6.12,0.59,18.2
48,20.1,213.53,10.43,7.73,5.34,0.82,13.38
49,1.31,213.53,10.56,7.73,6.76,0.83,11.09
50,9.19,213.53,14.96,7.73,6.14,0.7,12.73
51,20.16,213.53,12.52,7.73,8.68,1.18,14.99
52,20.78,213.53,13.49,7.73,10.03,1.12,29.49
53,23.37,213.53,15.8,7.73,16.67,0.7,41.1
54,30.77,213.53,13.65,7.73,9.73,0.67,26.1
55,171.5,213.53,11.79,7.73,5.08,1.1,19.57
56,504.2,213.53,12.24,7.73,6.14,0.86,13.05
57,51.94,213.53,10.51,7.73,6.38,0.7,12.58
58,196.86,213.53,10.85,7.73,7.62,0.75,13.79
59,423.22,213.53,11.14,7.73,5.97,1.14,12.14
60,459.25,213.53,12.47,7.73,8.12,0.68,13.72
61,50.58,213.53,12.42,7.73,7.06,0.4,16.05
62,55.02,213.53,11.45,7.73,7.42,0.84,16.56
63,51.71,213.53,19.42,7.73,6.6,0.75,22.12
64,37.65,213.53,12.57,7.73,7.08,0.67,19.04
65,17.37,213.53,11.39,7.73,6.24,0.66,22.71
66,18.45,213.53,11.57,7.73,6.71,0.77,18.89
67,15.43,213.53,11.57,7.73,7.45,0.97,29.81
68,13.18,213.53,9.44,7.73,5.18,0.44,13.75
69,14.84,213.53,11.35,7.73,7.91,0.74,11.85
70,27.36,213.53,11.13,7.73,7.79,0.75,24.59
71,34.72,213.53,10.28,7.73,8.28,1.19,19.08
72,39.96,213.53,10.33,7.73,7.46,0.54,27.45
73,45.59,213.53,9.68,7.73,6.74,0.86,28.7
74,48.3,213.53,16.17,7.73,7.53,0.72,22.39
75,48.92,213.53,9.53,7.73,9.18,0.98,29.08
76,35.56,213.53,9.48,7.73,6.8,0.66,21.24
77,31.96,213.53,10.1,7.73,5.93,0.9,15.68
78,39.48,213.53,19.24,7.73,6.46,0.51,16.67
79,25.09,213.53,9.05,7.73,6.2,0.39,21.7
80,15.08,213.53,9.78,7.73,4.91,1.01,17.65
81,13.48,213.53,17.36,7.73,4.64,0.67,17.67
82,12.8,213.53,14.17,7.73,4.46,0.92,16.03
83,15.24,213.53,16.15,7.73,4.55,0.75,11.92
84,17.18,213.53,17.65,7.73,4.96,1.08,13.43
85,19.07,213.53,9.82,7.73,5.15,1.21,17.14
86,21.63,213.53,19.82,7.73,4.38,0.53,24.12
87,18.47,213.53,15.1,7.73,5.84,1.01,23.84
88,15.35,213.53,19.94,7.73,4.16,0.67,29.6
89,43.1,213.53,11.76,7.73,4.6,1.59,29.25
90,13.96,213.53,10.18,7.73,4.44,0.83,22.02
91,15.05,213.53,10.22,7.73,4.08,0.8,25.76
92,12.7,213.53,10.12,7.73,4.65,0.91,13.26
93,12.69,213.53,10.09,7.73,4.69,0.94,10.22
94,14.16,213.53,10.0,7.73,4.48,1.2,8.75
95,13.09,213.53,10.11,7.73,4.56,1.22,10.42
96,9.36,213.53,9.87,7.73,4.1,1.0,12.11
97,71.57,213.53,13.41,7.73,5.5,1.09,10.13
98,9.01,213.53,22.02,7.73,4.47,0.9,11.33
99,75.96,213.53,21.98,7.73,4.61,1.14,10.28
100,25.89,213.53,21.54,7.73,5.73,1.19,11.61
101,21.3,213.53,22.29,7.73,4.68,1.1,11.77
102,19.82,213.53,21.67,7.73,4.5,1.07,25.69
103,18.8,213.53,20.75,7.73,5.73,1.15,11.53
104,17.59,213.53,13.79,7.73,4.31,1.39,16.65
105,8.42,213.53,8.39,7.73,5.4,1.33,12.68
106,7.9,213.53,3.8,7.73,3.92,1.08,16.79
107,6.71,213.53,5.12,7.73,3.67,0.76,16.38
108,4.75,213.53,5.0,7.73,4.76,0.93,13.53
109,4.75,213.53,5.18,7.73,4.73,1.33,16.63
110,20.87,213.53,5.35,7.73,4.79,1.08,29.55
111,31.23,213.53,4.83,7.73,5.66,1.44,18.77
112,45.56,213.53,4.04,7.73,6.09,1.04,13.1
113,45.77,213.53,4.44,7.73,5.27,1.29,14.34
114,45.42,213.53,4.32,7.73,4.71,1.14,17.91
115,45.97,213.53,4.41,7.73,5.46,0.87,16.23
116,45.75,213.53,4.87,7.73,4.96,0.98,11.0
117,45.97,213.53,4.55,7.73,4.07,1.19,14.39
118,46.21,213.53,3.67,7.73,5.56,1.45,14.68
119,45.29,213.53,3.86,7.73,5.3,1.24,21.41
120,46.23,213.53,6.54,7.73,6.35,1.2,23.93
121,46.16,213.53,9.49,7.73,5.22,1.03,21.32
122,45.53,213.53,9.64,7.73,4.28,1.21,19.83
123,46.29,213.53,10.21,7.73,4.09,0.9,25.07
124,46.1,213.53,10.57,7.73,4.09,1.22,23.13
125,45.87,213.53,9.46,7.73,4.24,1.31,17.41
126,46.36,213.53,10.43,7.73,4.58,1.13,12.41
127,54.51,213.53,10.1675,7.73,5.55,0.97,30.65
128,48.21,213.53,10.153333333333334,7.73,4.614999999999998,1.1575,20.9
129,48.913333333333334,213.53,9.945,7.73,4.789999999999998,1.1366666666666667,20.156666666666666
130,50.435,213.53,10.43,7.73,5.064999999999997,1.05,21.529999999999998
131,54.51,213.53,14.403333333333334,7.73,5.55,0.97,30.65
132,43.635,213.53,18.37666666666667,7.73,6.295,0.895,47.235
133,32.76,213.53,22.35,7.73,7.04,0.82,63.82
134,24.93,213.53,14.47,7.73,5.07,0.71,45.71
135,21.8,213.53,15.14,7.73,5.03,1.31,46.91
136,23.2,213.53,14.31,7.73,4.94,1.62,51.96
137,28.34,213.53,14.16,7.73,4.95,0.66,46.82
138,23.53,213.53,15.32,7.73,4.55,0.83,43.4
139,14.59,213.53,14.92,7.73,5.58,0.93,38.78
140,15.1,213.53,14.12,7.73,5.88,1.22,42.63
141,15.13,213.53,14.87,7.73,4.65,1.46,38.96
142,18.3,213.53,14.55,7.73,4.13,1.15,48.16
143,22.39,213.53,13.8,7.73,5.01,1.21,44.77
144,21.14,213.53,14.28,7.73,3.25,0.76,63.32
145,23.64,213.53,13.56,7.73,5.84,1.22,69.47
146,22.53,213.53,13.62,7.73,5.09,1.32,53.84
147,94.69,213.53,13.43,7.73,7.92,1.55,53.5
148,27.56,213.53,14.0,7.73,5.25,1.73,49.23
149,32.73,213.53,14.71,7.73,5.42,1.06,74.24
150,25.06,213.53,14.59,7.73,6.47,1.59,70.14
151,20.22,213.53,14.03,7.73,5.07,1.01,59.48
152,19.05,213.53,13.0,7.73,5.03,0.83,70.92
153,63.53,213.53,12.32,7.73,5.47,2.6,48.43
154,65.08,213.53,13.09,7.73,3.87,1.46,59.14
155,40.27,213.53,17.24,7.73,5.07,1.04,66.46
156,11.86,213.53,19.07,7.73,3.97,1.1,28.22
157,45.185,213.53,21.69,7.73,4.95,1.36,50.94
158,39.07,213.53,22.18,7.73,4.12,1.26,57.88
159,26.064999999999998,213.53,15.96,7.73,4.18,1.4,62.15
160,11.86,213.53,21.81,7.73,4.53,1.59,42.36
161,13.899,213.53,19.47,7.73,5.31,1.48,46.76
162,15.937999999999999,213.53,23.33,7.73,5.68,0.79,47.4
163,17.977,213.53,21.91,7.73,4.78,0.87,40.29
164,20.016,213.53,25.71,7.73,4.18,0.8,41.51
165,22.055,213.53,22.02,7.73,3.37,0.77,45.31
166,24.094,213.53,19.99,7.73,3.55,0.61,54.99
167,26.133000000000003,213.53,22.35,7.73,4.07,0.73,30.22
168,28.172,213.53,20.86,7.73,3.86,0.84,58.38
169,30.211000000000002,213.53,21.65,7.73,3.99,0.82,49.22
170,32.25,213.53,27.42,7.73,9.96,1.05,30.99
171,36.13,213.53,21.9,7.73,5.99,0.78,24.26
172,25.32,213.53,13.66,7.73,4.62,0.55,36.23
173,25.51,213.53,15.07,7.73,3.61,0.91,44.16
174,17.33,213.53,15.44,7.73,4.09,1.14,39.48
175,21.31,213.53,16.2,7.73,4.94,1.04,52.13
176,28.68,213.53,13.0,7.73,5.44,0.65,25.94
177,26.47,213.53,15.21,7.73,3.97,0.86,11.39
178,30.78,213.53,14.71,7.73,4.3,0.56,10.18
179,12.41,213.53,20.24,7.73,3.72,0.61,21.04
180,0.88,213.53,16.8,7.73,4.28,0.41,21.91
181,15.01,213.53,13.37,7.73,5.72,0.55,52.92
182,24.62,213.53,15.41,7.73,3.81,0.53,50.67
183,25.32,213.53,15.51,7.73,4.05,0.68,36.635
184,38.36,213.53,14.96,7.73,3.16,0.71,41.833333333333336
185,24.66,213.53,15.02,7.73,3.06,0.77,9.12
186,31.38,213.53,14.71,7.73,2.26,0.56,15.56
187,38.09,213.53,14.19,7.73,3.74,0.49,23.52
188,69.36,213.53,14.84,7.73,3.93,0.74,24.1
189,42.53,213.53,14.73,7.73,3.73,0.75,23.23
190,18.82,213.53,14.41,7.73,2.92,0.86,18.54
191,23.59,213.53,16.63,7.73,4.47,0.82,19.22
192,36.7,213.53,14.26,7.73,2.89,1.23,16.45
193,34.37,213.53,13.18,7.73,3.96,0.93,17.99
194,42.28,213.53,12.43,7.73,3.33,0.56,21.0
195,55.24,213.53,12.7,7.73,4.69,0.92,25.68
196,28.71,213.53,16.37,7.73,4.98,0.97,22.48
197,31.27,213.53,14.95,7.73,5.19,0.56,16.46
198,40.63,213.53,15.14,7.73,3.57,0.5,28.84
199,18.07,213.53,13.91,7.73,4.38,0.36,19.72
200,20.65,213.53,13.47,7.73,3.32,1.42,27.34
201,19.75,213.53,11.17,7.73,3.57,0.45,19.01
202,24.62,213.53,14.33,7.73,4.57,0.55,8.02
203,40.04,213.53,14.22,7.73,3.51,0.65,18.2
204,22.62,213.53,12.05,7.73,5.1,0.59,26.64
205,79.75,213.53,13.06,7.73,6.14,0.82,23.07
206,17.86,213.53,20.8,7.73,6.02,0.71,18.34
207,20.52,213.53,18.44,7.73,4.78,0.74,25.25
208,25.61,213.53,20.08,7.73,4.1,0.68,47.76
209,21.49,213.53,15.03,7.73,7.54,0.53,26.44
210,29.19,213.53,16.06,7.73,6.1,0.63,24.76
211,28.06,213.53,15.79,7.73,4.27,0.86,29.52
212,28.4,213.53,14.16,7.73,4.83,0.72,30.95
213,31.66,213.53,16.55,7.73,5.92,0.8,10.14
214,26.53,213.53,14.67,7.73,4.52,0.53,9.67
215,18.72,213.53,13.35,7.73,4.13,0.58,20.07
216,21.52,213.53,15.38,7.73,4.87,0.58,15.56
217,22.53,213.53,18.08,7.73,4.58,0.51,10.85
218,16.8,213.53,13.8,7.73,3.08,0.54,14.96
219,21.18,213.53,16.0,7.73,4.81,1.24,17.71
220,22.2,213.53,16.0,7.73,4.07,0.58,18.74
221,21.65,213.53,14.49,7.73,4.9,0.59,25.7
222,19.03,213.53,13.69,7.73,4.18,0.57,26.71
223,21.66,213.53,14.79,7.73,5.48,0.6,23.96
224,24.96,213.53,11.56,7.73,9.54,1.34,20.08
225,24.44,213.53,12.37,7.73,9.28,1.27,22.69
226,15.43,213.53,22.46,7.73,9.96,0.86,22.13
227,21.7,213.53,12.62,7.73,12.04,0.87,23.65
228,14.83,213.53,11.74,7.73,7.83,0.9,8.13
229,11.45,213.53,11.25,7.73,4.05,0.29,12.38
230,18.14,213.53,14.62,7.73,5.12,0.63,18.16
231,21.69,213.53,13.06,7.73,12.66,0.63,15.89
232,34.46,213.53,13.55,7.73,53.94,0.47,10.13
233,37.28,213.53,13.04,7.73,4.0,0.35,9.98
234,32.76,213.53,13.17,7.73,8.85,0.56,11.44
235,24.81,213.53,14.14,7.73,5.66,0.57,13.93
236,37.01,213.53,13.23,7.73,4.69,0.51,13.63
237,24.3,213.53,22.22,7.73,5.48,0.53,18.85
238,29.08,213.53,24.7,7.73,4.97,0.39,21.49
239,32.98,213.53,14.75,7.73,5.6,0.48,20.46
240,34.56,213.53,13.43,7.73,5.76,0.54,15.9
241,28.77,213.53,15.24,7.73,6.55,0.58,13.67
242,38.04,213.53,16.0,7.73,4.71,0.56,12.51
243,37.64,213.53,14.87,7.73,4.25,0.56,9.53
244,27.45,213.53,10.54,7.73,4.98,0.61,13.79
245,23.83,213.53,15.02,7.73,4.23,0.57,7.96
246,29.06,213.53,13.68,7.73,4.79,0.48,9.78
247,27.05,213.53,13.93,7.73,8.34,0.54,10.31
248,31.88,213.53,18.81,7.73,5.51,1.73,12.27
249,40.91,213.53,8.42,7.73,5.81,1.86,12.59
250,29.53,213.53,8.98,7.73,6.28,1.41,12.04
251,34.83,213.53,8.85,7.73,5.2,1.39,11.01
252,43.07,213.53,8.5,7.73,5.51,1.69,20.55
253,27.74,213.53,8.63,7.73,4.92,1.74,16.69
254,25.2,213.53,8.68,7.73,5.54,2.0,15.39
255,27.29,213.53,8.72,7.73,4.87,1.09,19.77
256,30.44,213.53,8.59,7.73,5.22,0.56,19.5
257,24.99,213.53,8.29,7.73,5.2,0.73,17.79
258,26.39,213.53,8.37,7.73,5.9,1.59,14.49
259,21.06,213.53,8.43,7.73,5.45,1.86,16.83
260,26.92,213.53,8.5,7.73,6.05,1.9,18.92
261,25.96,213.53,9.03,7.73,8.45,2.31,18.11
262,34.84,213.53,7.71,7.73,4.68,2.15,13.01
263,46.13,213.53,13.19,7.73,3.91,1.76,16.21
264,56.93,213.53,13.57,7.73,5.41,1.61,14.53
265,55.14,213.53,12.14,7.73,3.48,0.72,26.33
266,33.5,213.53,11.63,7.73,5.03,1.3,24.75
267,19.22,213.53,10.3,7.73,5.34,1.2,11.56
268,19.9,213.53,10.67,7.73,5.32,1.54,13.56
269,19.81,213.53,12.68,7.73,6.2,1.45,9.75
270,30.87,213.53,12.19,7.73,6.27,1.23,10.64
271,34.78,213.53,12.1,7.73,5.77,1.11,11.89
272,24.49,213.53,11.01,7.73,5.67,1.1,19.37
273,39.94,213.53,17.66,7.73,5.77,1.21,20.37
274,40.93,213.53,25.34,7.73,6.67,1.34,21.54
275,26.38,213.53,28.1,7.73,7.74,1.29,11.94
276,30.74,213.53,23.53,7.73,3.28,1.35,13.0
277,98.81,213.53,22.25,7.73,2.98,1.04,17.78
278,23.88,213.53,22.05,7.73,2.72,0.97,11.45
279,24.9,213.53,21.4,7.73,4.33,0.94,20.03
280,25.81,213.53,21.61,7.73,6.17,1.2,23.75
281,24.68,213.53,23.53,7.73,5.93,1.53,15.93
282,22.49,213.53,22.83,7.73,6.63,1.45,11.15
283,22.68,213.53,21.78,7.73,5.22,1.42,9.55
284,21.62,213.53,21.88,7.73,6.15,1.26,8.04
285,21.61,213.53,21.2,7.73,5.11,0.99,12.66
286,21.53,213.53,21.15,7.73,5.76,0.89,10.66
287,21.91,213.53,23.37,7.73,7.69,1.05,15.59
288,24.11,213.53,23.83,7.73,6.56,0.82,10.1
289,60.23,213.53,26.62,7.73,10.99,1.12,9.91
290,54.36,213.53,25.16,7.73,5.62,1.1,18.3
291,62.22,213.53,25.31,7.73,5.86,0.86,11.74
292,61.11,213.53,25.19,7.73,5.49,1.08,11.59
293,50.26,213.53,25.41,7.73,8.69,1.12,8.41
294,40.26,213.53,25.92,7.73,5.75,1.05,11.63
295,67.21,213.53,23.48,7.73,5.55,0.88,20.01
296,56.2,213.53,23.44,7.73,19.75,1.46,16.11
297,50.15,213.53,24.08,7.73,16.22,0.79,13.06
298,118.02,213.53,24.3,7.73,15.08,0.88,9.05
299,146.26,213.53,28.63,7.73,18.15,1.09,10.28
300,72.66,213.53,22.29,7.73,18.39,1.09,10.41
301,28.89,213.53,26.27,7.73,9.94,1.02,17.94
302,14.86,213.53,25.07,7.73,5.15,1.14,9.14
303,37.9,213.53,24.63,7.73,7.58,1.25,9.27
304,32.42,213.53,25.06,7.73,8.15,1.13,12.43
305,44.73,213.53,22.38,7.73,7.34,1.29,15.55
306,73.61,213.53,26.28,7.73,8.36,1.05,11.56
307,112.56,213.53,28.92,7.73,7.2,1.25,23.01
308,102.9,213.53,30.31,7.73,4.71,1.21,33.23
309,100.91,213.53,21.94,7.73,5.55,1.58,33.31
310,119.88,213.53,14.87,7.73,5.43,1.53,32.0
311,122.65,213.53,16.72,7.73,5.39,1.25,37.95
312,101.0,213.53,13.15,7.73,4.58,1.22,35.25
313,103.12,213.53,11.85,7.73,5.84,1.22,26.34
314,60.51,213.53,14.96,7.73,9.73,1.09,25.3
315,36.49,213.53,19.24,7.73,3.86,0.82,15.75
316,38.3,213.53,16.19,7.73,7.36,0.76,15.45
317,24.52,213.53,7.36,7.73,6.88,0.73,12.84
318,24.33,213.53,8.95,7.73,10.24,0.69,5.77
319,55.55,213.53,11.5,7.73,7.15,0.82,12.98
320,63.17,213.53,12.82,7.73,8.96,0.67,21.37
321,32.68,213.53,7.79,7.73,4.06,0.62,7.8
322,38.48,213.53,7.77,7.73,2.96,0.84,14.59
323,24.66,213.53,8.15,7.73,6.81,0.74,15.23
324,21.94,213.53,7.86,7.73,13.19,0.82,18.89
325,33.85,213.53,10.07,7.73,13.1,0.66,17.24
326,67.98,213.53,23.52,7.73,15.44,0.72,12.72
327,73.87,213.53,12.91,7.73,9.28,0.67,28.16
328,50.49,213.53,13.01,7.73,3.81,0.7,17.45
329,56.35,213.53,13.22,7.73,15.47,0.65,23.6
330,30.16,213.53,11.61,7.73,12.2,0.58,24.26
331,51.52,213.53,9.76,7.73,8.95,0.62,14.95
332,15.51,213.53,11.03,7.73,11.4,0.6,12.53
333,15.61,213.53,11.07,7.73,9.85,0.46,15.16
334,42.54,213.53,9.89,7.73,5.43,0.49,6.78
335,45.7,213.53,10.44,7.73,4.57,0.63,7.31
336,24.51,213.53,13.55,7.73,3.39,0.49,13.27
337,5.9,213.53,14.38,7.73,3.02,0.46,31.04
338,62.99,213.53,14.19,7.73,8.42,0.46,42.55
339,36.17,213.53,15.62,7.73,4.09,0.59,39.79
340,33.64,213.53,23.98,7.73,3.36,0.66,16.46
341,31.15,213.53,22.79,7.73,3.96,0.57,21.43
342,18.01,213.53,24.01,7.73,6.22,0.56,20.93
343,37.04,213.53,22.56,7.73,4.21,0.52,15.05
344,43.31,213.53,24.84,7.73,3.79,0.54,14.34
345,26.81,213.53,22.67,7.73,3.25,0.44,20.53
346,38.86,213.53,26.41,7.73,4.28,0.72,12.18
347,43.56,213.53,28.69,7.73,4.26,0.83,9.1
348,39.38,213.53,22.86,7.73,7.46,0.7,17.07
349,34.59,213.53,21.43,7.73,9.84,0.6,15.95
350,44.05,213.53,22.94,7.73,8.41,0.49,24.5
351,62.33,213.53,26.4,7.73,8.65,0.47,20.06
352,46.61,213.53,29.29,7.73,7.95,0.43,27.05
353,61.21,213.53,26.09,7.73,4.93,0.52,33.2
354,76.85,213.53,26.84,7.73,3.8,0.59,29.29
355,50.33,213.53,23.99,7.73,7.41,0.63,33.7
356,56.23,213.53,28.61,7.73,3.05,0.64,25.08
357,52.34,213.53,25.83,7.73,5.72,0.7,21.75
358,38.79,213.53,23.56,7.73,4.74,0.57,27.62
359,57.0,213.53,22.97,7.73,6.48,0.57,17.97
360,37.1,213.53,17.39,7.73,6.18,0.66,18.55
361,40.65,213.53,24.61,7.73,4.19,0.76,24.64
362,65.57,213.53,18.82,7.73,5.16,0.53,27.39
363,45.1,213.53,19.81,7.73,4.14,0.6,31.19
364,43.9,213.53,19.34,7.73,4.77,0.42,43.97
365,29.55,213.53,17.41,7.73,3.74,0.52,19.19
366,39.04,213.53,15.83,7.73,4.87,0.54,13.81
367,46.23,213.53,16.22,7.73,5.92,0.83,24.96
368,35.73,213.53,11.56,7.73,6.32,0.56,30.67
369,41.68,213.53,12.93,7.73,8.93,0.38,39.27
370,24.21,213.53,14.66,7.73,7.23,0.59,20.44
371,28.29,213.53,16.8,7.73,5.73,0.44,21.86
372,39.67,213.53,29.01,7.73,6.66,0.45,20.19
373,39.36,213.53,24.78,7.73,3.91,0.62,18.27
374,43.4,213.53,24.33,7.73,5.06,0.51,21.24
375,18.35,213.53,23.92,7.73,3.84,0.55,23.02
376,52.92,213.53,24.97,7.73,7.8,0.56,25.13
377,62.54,213.53,24.73,7.73,11.26,0.62,29.91
378,114.04,213.53,28.18,7.73,11.03,0.72,29.11
379,36.4,213.53,18.36,7.73,4.02,0.46,28.69
380,26.45,213.53,19.99,7.73,4.9,0.44,27.56
381,28.49,213.53,14.18,7.73,3.95,0.46,17.62
382,24.73,213.53,10.74,7.73,3.96,0.6,23.83
383,22.92,213.53,18.86,7.73,3.83,0.56,17.05
384,35.1,213.53,15.55,7.73,4.38,0.59,18.02
385,40.88,213.53,21.06,7.73,3.92,0.55,27.55
386,48.57,213.53,26.47,7.73,2.11,0.54,29.56
387,62.17,213.53,24.76,7.73,1.63,0.58,26.13
388,56.81,213.53,28.35,7.73,3.54,0.86,28.63
389,54.07,213.53,26.51,7.73,3.49,0.71,27.69
390,48.53,213.53,21.88,7.73,5.02,0.61,30.18
391,51.08,213.53,24.31,7.73,4.26,0.73,27.65
392,54.02,213.53,23.24,7.73,5.16,0.71,29.97
393,43.21,213.53,21.34,7.73,3.4,0.59,14.42
394,41.29,213.53,21.8,7.73,3.35,0.51,18.15
395,43.39,213.53,18.35,7.73,4.64,0.57,45.7
396,42.71,213.53,19.75,7.73,4.31,0.42,33.67
397,36.07,213.53,24.69,7.73,4.55,0.5,21.93
398,32.92,213.53,22.64,7.73,4.19,0.63,18.54
399,37.04,213.53,13.68,7.73,3.23,0.6,32.77
400,38.26,213.53,25.42,7.73,3.82,0.66,40.38
401,44.55,213.53,19.86,7.73,3.28,0.6,45.27
402,38.85,213.53,17.82,7.73,3.31,0.52,25.39
403,33.75,213.53,15.59,7.73,3.58,0.49,29.09
404,35.21,213.53,11.4,7.73,3.69,0.35,30.59
405,39.03,213.53,11.87,7.73,5.08,0.5,27.34
406,38.65,213.53,18.36,7.73,5.26,0.52,28.1025
407,37.56,213.53,22.95,7.73,6.67,0.56,4.96
408,46.15,213.53,25.22,7.73,6.28,0.53,11.39
409,74.77,213.53,27.03,7.73,5.44,0.65,34.28
410,66.12,213.53,26.05,7.73,5.91,0.66,28.4
411,46.6,213.53,21.44,7.73,5.77,0.49,29.01
412,34.76,213.53,20.69,7.73,5.02,0.59,17.09
413,53.54,213.53,25.57,7.73,5.28,0.86,16.17
414,47.15,213.53,21.74,7.73,5.3,0.65,26.89
415,33.89,213.53,26.15,7.73,5.02,0.45,31.39
416,46.3,213.53,24.05,7.73,6.29,0.48,15.19
417,34.02,213.53,13.52,7.73,5.13,0.41,18.12
418,31.21,213.53,13.6,7.73,4.31,0.41,29.03
419,42.55,213.53,16.39,7.73,6.24,0.64,23.59
420,45.34,213.53,19.3,7.73,9.87,0.76,30.96
421,40.38,213.53,8.97,7.73,3.4,0.58,30.51
422,40.24,213.53,12.94,7.73,4.4,0.63,17.67
423,35.83,213.53,16.63,7.73,6.12,0.42,26.06
424,46.47,213.53,22.64,7.73,18.43,0.65,28.71
425,36.92,213.53,13.61,7.73,4.55,0.7,49.27
426,41.66,213.53,16.12,7.73,7.49,0.71,13.54
427,47.4,213.53,14.74,7.73,5.91,0.48,37.12
428,44.11,213.53,19.35,7.73,5.04,0.32,24.51
429,44.53,213.53,17.61,7.73,3.89,0.38,13.73
430,25.62,213.53,6.81,7.73,6.68,0.5,16.76
431,21.94,213.53,10.91,7.73,4.43,0.54,34.69
432,15.7,213.53,6.25,7.73,2.78,0.39,14.19
433,25.0,213.53,10.68,7.73,3.67,0.75,14.0
434,23.42,213.53,14.93,7.73,4.03,0.54,36.04
435,18.67,213.53,2.4,7.73,8.53,0.51,18.23
436,23.98,213.53,1.81,7.73,4.65,0.65,16.18
437,34.27,213.53,27.61,7.73,5.03,0.71,18.98
438,33.78,213.53,23.07,7.73,5.72,0.65,20.01
439,44.44,213.53,16.14,7.73,6.52,0.7,20.96
440,30.05,213.53,13.08,7.73,5.01,0.76,11.97
441,33.04,213.53,9.74,7.73,4.75,0.8,18.6
442,31.67,213.53,6.67,7.73,4.64,0.95,18.71
443,34.87,213.53,7.58,7.73,4.21,0.93,15.36
444,31.11,213.53,7.38,7.73,3.81,0.77,13.61
445,27.67,213.53,7.85,7.73,4.11,0.69,29.13
446,27.65,213.53,3.28,7.73,2.07,0.6,22.06
447,30.79,213.53,9.31,7.73,4.42,0.7,19.26
448,22.15,213.53,13.81,7.73,4.89,0.6,8.46
449,15.7,213.53,10.35,7.73,1.35,0.29,11.52
450,32.29,213.53,21.45,7.73,2.09,0.49,10.91
451,21.11,213.53,10.39,7.73,3.36,0.38,12.18
452,28.16,213.53,10.61,7.73,3.17,0.42,11.83
453,21.96,213.53,7.06,7.73,6.92,0.36,17.43
454,22.58,213.53,8.25,7.73,1.64,0.39,13.13
455,24.94,213.53,7.48,7.73,4.93,0.47,13.05
456,24.1,213.53,10.28,7.73,3.94,0.49,13.42
457,26.34,213.53,8.64,7.73,2.34,0.44,13.85
458,26.49,213.53,6.36,7.73,3.37,0.43,12.93
459,23.83,213.53,7.01,7.73,2.58,0.36,11.17
460,17.38,213.53,10.05,7.73,5.2,0.38,13.27
461,13.64,213.53,14.75,7.73,3.81,0.37,11.58
462,9.3,213.53,15.88,7.73,4.68,0.39,13.25
463,10.25,213.53,11.29,7.73,4.1,0.41,12.19
464,14.2,213.53,17.31,7.73,5.26,0.35,11.95
465,63.22,213.53,19.73,7.73,5.97,0.46,12.94
466,17.33,213.53,22.41,7.73,3.9,0.46,13.82
467,13.42,213.53,18.81,7.73,2.57,0.4,12.67
468,16.39,213.53,21.57,7.73,4.35,0.45,16.01
469,14.78,213.53,20.85,7.73,1.41,0.36,16.34
470,14.29,213.53,17.97,7.73,5.85,0.43,16.1
471,45.0,213.53,16.42,7.73,4.95,0.47,19.76
472,9.21,213.53,0.45,7.73,3.18,0.36,13.49
473,7.89,213.53,3.67,7.73,3.56,0.4,12.82
474,7.22,213.53,0.68,7.73,3.02,0.32,12.07
475,8.43,213.53,0.8,7.73,5.15,0.35,13.96
476,8.56,213.53,3.04,7.73,3.7,0.46,16.1
477,9.93,213.53,7.29,7.73,4.65,0.35,13.42
478,7.58,213.53,6.12,7.73,2.65,0.47,13.44
479,6.33,213.53,5.75,7.73,3.1,0.46,14.03
480,10.21,213.53,8.65,7.73,7.6,0.32,14.89
481,9.55,213.53,21.53,7.73,8.58,0.48,15.69
482,9.93,213.53,3.24,7.73,2.01,0.34,12.26
483,5.49,213.53,3.15,7.73,4.66,0.31,14.48
484,9.86,213.53,3.98,7.73,3.86,0.37,20.42
485,1.44,213.53,6.51,7.73,2.93,0.39,21.91
486,10.7,213.53,6.44,7.73,2.79,0.38,21.09
487,12.05,213.53,4.27,7.73,2.59,0.44,22.43
488,12.88,213.53,3.94,7.73,3.88,0.45,20.68
489,4.89,213.53,3.57,7.73,4.94,0.4,16.86
490,57.75,213.53,3.28,7.73,2.42,0.47,20.04
491,11.06,213.53,4.08,7.73,3.09,0.43,28.48
492,13.77,213.53,3.78,7.73,2.49,0.53,28.41
493,10.66,213.53,3.87,7.73,3.79,0.42,29.03
494,8.78,213.53,3.44,7.73,2.25,0.42,15.99
495,7.06,213.53,7.17,7.73,4.52,0.39,16.14
496,7.61,213.53,8.66,7.73,4.75,0.46,19.28
497,7.59,213.53,6.45,7.73,5.56,0.45,19.13
498,43.97,213.53,4.58,7.73,3.98,0.43,19.4
499,3.59,213.53,6.22,7.73,3.96,0.43,23.51
500,11.76,213.53,8.96,7.73,3.16,0.51,20.38
501,25.16,213.53,5.09,7.73,4.8,0.47,24.42
502,3.96,213.53,5.59,7.73,2.82,0.39,19.86
503,7.93,213.53,7.68,7.73,3.32,0.57,17.78
504,25.62,213.53,4.34,7.73,5.6,0.57,24.54
505,27.81,213.53,7.67,7.73,3.17,0.46,23.2
506,17.82,213.53,4.75,7.73,4.74,0.5,45.37
507,13.09,213.53,3.42,7.73,3.15,0.48,33.07
508,16.45,213.53,6.28,7.73,3.78,0.44,15.84
509,15.96,213.53,11.61,7.73,3.34,0.42,20.53
510,12.59,213.53,9.41,7.73,4.35,0.48,18.86
511,18.61,213.53,4.84,7.73,3.9,0.39,10.66
512,13.84,213.53,5.3,7.73,3.53,0.47,16.03
513,23.13,213.53,7.02,7.73,2.47,0.36,14.58
514,41.11,213.53,11.96,7.73,3.9,0.57,26.26
515,21.95,213.53,5.45,7.73,2.83,0.56,38.01
516,13.35,213.53,4.58,7.73,2.54,0.46,28.59
517,72.35,213.53,6.01,7.73,4.35,0.56,6.34
518,11.25,213.53,6.63,7.73,5.25,0.56,21.1
519,16.14,213.53,5.19,7.73,2.13,0.41,38.02
520,10.31,213.53,5.44,7.73,2.64,0.48,63.78
521,12.35,213.53,6.31,7.73,2.58,0.46,34.6
522,90.76,213.53,5.43,7.73,3.34,0.55,4.51
523,15.42,213.53,5.95,7.73,3.9,0.48,14.65
524,24.0,213.53,4.85,7.73,5.33,0.44,16.9
525,18.71,213.53,8.06,7.73,4.29,0.49,38.18
526,18.74,213.53,9.04,7.73,3.29,0.65,41.0
527,24.42,213.53,0.87,7.73,3.52,0.63,72.87
528,353.2,213.53,2.9,7.73,6.74,0.5,42.9
529,16.84,213.53,1.99,7.73,4.07,0.51,31.33
530,17.2,213.53,22.21,7.73,1.37,0.4,33.65
531,18.79,213.53,7.86,7.73,9.09,0.48,28.22
532,22.17,213.53,5.42,7.73,3.97,0.52,34.19
533,35.55,213.53,8.79,7.73,4.37,0.47,28.08
534,15.99,213.53,11.46,7.73,4.64,0.57,76.03
535,17.48,213.53,2.46,7.73,2.38,0.43,60.62
536,275.82,213.53,3.14,7.73,3.58,0.45,77.18
537,18.5,213.53,2.08,7.73,3.65,0.45,53.87
538,17.65,213.53,2.29,7.73,4.09,0.39,78.81
539,10.2,213.53,14.45,7.73,7.0,0.43,76.05
540,37.32,213.53,0.69,7.73,4.1,0.46,71.71
541,19.27,213.53,0.91,7.73,3.28,0.44,60.76
542,16.12,213.53,2.72,7.73,3.27,0.43,54.93
543,33.57,213.53,5.12,7.73,2.79,0.43,56.92
544,14.11,213.53,3.11,7.73,2.07,0.41,91.72
545,13.94,213.53,2.72,7.73,4.4,0.38,58.13
546,13.69,213.53,11.51,7.73,3.91,0.43,77.78
547,15.76,213.53,16.5,7.73,8.83,0.37,51.65
548,20.89,213.53,26.41,7.73,7.61,0.51,65.0
549,6.76,213.53,13.21,7.73,2.66,0.42,70.24
550,8.83,213.53,8.06,7.73,2.87,0.49,77.91
551,15.04,213.53,5.08,7.73,3.43,0.46,62.46
552,17.74,213.53,15.73,7.73,3.21,0.59,77.4
553,16.02,213.53,12.04,7.73,2.73,0.57,61.82
554,19.94,213.53,8.08,7.73,4.14,0.44,33.99
555,13.03,213.53,9.61,7.73,3.08,0.46,34.01
556,16.9,213.53,11.21,7.73,3.21,0.55,24.97
557,14.63,213.53,7.62,7.73,3.88,0.5,28.91
558,11.96,213.53,7.46,7.73,2.52,0.32,28.47
559,10.13,213.53,8.79,7.73,3.61,0.53,29.33
560,24.17,213.53,15.35,7.73,3.08,0.55,34.27
561,25.88,213.53,8.98,7.73,3.19,0.52,34.91
562,24.07,213.53,10.39,7.73,2.83,0.65,23.34
563,36.78,213.53,17.36,7.73,6.21,0.51,35.79
564,26.98,213.53,7.45,7.73,2.82,0.44,24.44
565,19.84,213.53,2.27,7.73,2.52,0.31,17.98
566,39.97,213.53,2.31,7.73,3.13,0.31,23.09
567,42.4,213.53,14.73,7.73,4.02,0.3,20.67
568,38.85,213.53,8.71,7.73,2.64,0.4,24.64
569,42.68,213.53,7.98,7.73,3.8,0.27,38.79
570,57.05,213.53,6.47,7.73,6.52,0.42,26.9
571,60.04,213.53,8.87,7.73,2.57,0.38,21.83
572,49.11,213.53,7.75,7.73,2.23,0.32,14.89
573,41.2,213.53,11.36,7.73,3.36,0.39,17.46
574,29.63,213.53,19.67,7.73,4.82,0.55,14.71
575,19.23,213.53,11.41,7.73,6.33,0.37,10.84
576,29.71,213.53,7.02,7.73,4.06,0.38,20.87
577,14.08,213.53,9.76,7.73,5.48,0.36,20.79
578,11.66,213.53,9.63,7.73,2.05,0.35,18.64
579,20.09,213.53,8.37,7.73,2.55,0.34,27.96
580,11.47,213.53,10.08,7.73,5.91,0.38,10.87
581,51.88,213.53,15.92,7.73,5.44,0.8,14.19
582,12.3,213.53,10.59,7.73,2.31,0.51,16.24
583,23.86,213.53,8.49,7.73,5.17,0.38,21.67
584,13.49,213.53,9.32,7.73,3.71,0.42,15.6
585,100.74,213.53,9.91,7.73,3.76,0.53,17.54
586,24.96,213.53,9.4,7.73,2.92,0.27,6.65
587,25.34,213.53,9.08,7.73,2.58,0.51,18.61
588,27.08,213.53,7.52,7.73,3.82,0.41,19.18
589,26.84,213.53,8.27,7.73,3.13,0.52,18.01
590,23.71,213.53,9.41,7.73,1.88,0.51,18.21
591,18.93,213.53,8.51,7.73,2.04,0.57,15.92
592,15.7,213.53,8.11,7.73,2.7,0.5,15.92
593,22.21,213.53,5.57,7.73,1.86,0.27,22.15
594,22.45,213.53,9.54,7.73,1.98,0.42,22.22
595,30.56,213.53,8.7,7.73,2.14,0.52,16.86
596,26.15,213.53,9.23,7.73,4.14,0.42,31.4
597,32.28,213.53,12.12,7.73,6.04,0.52,16.76
598,26.91,213.53,9.19,7.73,3.32,0.43,22.79
599,28.89,213.53,8.79,7.73,3.77,0.32,14.73
600,30.24,213.53,8.69,7.73,2.82,0.29,14.81
601,27.38,213.53,9.31,7.73,2.83,0.36,18.39
602,28.21,213.53,11.77,7.73,3.69,0.42,15.15
603,22.69,213.53,9.65,7.73,4.41,0.47,20.95
604,26.17,213.53,9.15,7.73,5.96,0.43,26.0
605,28.15,213.53,9.32,7.73,4.36,0.43,15.45
606,28.76,213.53,6.11,7.73,4.35,0.48,16.3
607,27.12,213.53,6.85,7.73,3.61,0.3,7.96
608,20.91,213.53,6.91,7.73,3.5,0.47,6.1
609,37.98,213.53,14.45,7.73,4.6,0.72,21.91
610,58.97,213.53,8.14,7.73,5.26,0.42,19.35
611,25.1,213.53,4.23,7.73,4.93,0.42,15.67
612,21.76,213.53,4.11,7.73,2.46,0.42,17.22
613,46.91,213.53,3.68,7.73,2.85,0.35,13.12
614,32.38,213.53,3.73,7.73,3.87,0.35,32.27
615,45.31,213.53,4.04,7.73,6.64,0.43,29.11
616,39.56,213.53,4.23,7.73,5.86,0.47,37.42
617,52.91,213.53,3.68,7.73,3.41,0.39,36.78
618,39.5,213.53,5.62,7.73,4.49,0.31,13.14
619,68.69,213.53,4.62,7.73,4.31,0.39,16.87
620,23.85,213.53,3.19,7.73,3.22,0.28,13.76
621,17.24,213.53,6.37,7.73,2.67,0.21,8.35
622,17.31,213.53,1.99,7.73,3.31,0.29,12.7
623,28.02,213.53,8.53,7.73,3.47,0.33,10.67
624,24.78,213.53,10.96,7.73,3.45,0.34,11.94
625,35.96,213.53,13.53,7.73,3.68,0.36,13.58
626,36.16,213.53,11.28,7.73,3.47,0.35,12.61
627,22.31,213.53,11.33,7.73,4.11,0.32,10.39
628,29.61,213.53,10.41,7.73,3.15,0.21,10.79
629,33.45,213.53,11.09,7.73,3.94,0.31,11.1
630,29.1,213.53,12.69,7.73,4.66,0.14,5.15
631,34.35,213.53,14.63,7.73,4.8,0.19,13.06
632,36.2,213.53,12.17,7.73,3.24,0.18,13.05
633,37.03,213.53,15.51,7.73,4.41,0.2,12.07
634,33.65,213.53,13.27,7.73,3.42,0.25,12.77
635,16.44,213.53,9.65,7.73,3.35,0.22,12.03
636,70.48,213.53,11.77,7.73,3.7,0.23,10.24
637,113.83,213.53,12.65,7.73,5.74,0.19,13.79
638,9.26,213.53,8.76,7.73,21.47,0.19,13.39
639,18.17,213.53,9.55,7.73,3.63,0.32,15.72
640,26.85,213.53,10.65,7.73,4.49,0.22,28.34
641,21.12,213.53,10.74,7.73,6.02,0.3,17.81
642,18.29,213.53,11.1,7.73,3.34,0.24,19.149999999999995
643,18.36,213.53,13.31,7.73,3.72,0.26,22.029999999999994
644,35.4,213.53,11.43,7.73,3.67,0.23,36.03
645,26.35,213.53,10.46,7.73,3.02,0.29,36.03
646,23.04,213.53,10.51,7.73,3.26,0.34,36.03
647,25.75,213.53,10.67,7.73,4.02,0.3,36.03
648,31.2,213.53,10.45,7.73,5.09,0.43,4.44
649,17.22,213.53,10.02,7.73,6.6,0.19,24.8
650,16.27,213.53,9.74,7.73,6.93,0.39,3.5
651,17.92,213.53,10.59,7.73,5.17,0.13,10.5
652,19.04,213.53,10.75,7.73,2.26,0.17,10.88
653,24.99,213.53,13.25,7.73,4.17,0.21,1.16
654,16.9,213.53,16.75,7.73,3.91,0.2,9.88
655,35.74,213.53,16.08,7.73,7.51,0.24,10.14
656,25.61,213.53,15.95,7.73,3.8,0.24,3.03
657,31.88,213.53,15.43,7.73,3.99,0.26,10.81
658,28.79,213.53,15.37,7.73,5.16,0.31,7.84
659,17.85,213.53,15.82,7.73,4.41,0.48,7.955
660,23.54,213.53,15.58,7.73,3.73,0.7,7.226666666666667
661,23.89,213.53,15.87,7.73,2.62,0.42,11.09
662,34.14,213.53,15.69,7.73,3.07,0.23,8.98
663,57.93,213.53,15.79,7.73,3.64,0.2,8.77
664,64.92,213.53,15.75,7.73,3.74,0.3,9.04
665,61.57,213.53,15.64,7.73,5.04,0.18,8.12
666,36.42,213.53,15.81,7.73,3.29,0.45,9.24
667,30.29,213.53,15.82,7.73,3.59,0.27,6.44
668,57.04,213.53,15.81,7.73,6.58,0.2,10.31
669,71.96,213.53,15.23,7.73,15.39,0.27,7.25
670,70.3,213.53,15.97,7.73,8.63,0.47,7.83
671,47.12,213.53,16.72,7.73,7.17,0.26,7.3
672,43.31,213.53,15.97,7.73,2.87,0.34,8.31
673,26.88,213.53,13.42,7.73,7.04,0.31,8.51
674,25.95,213.53,13.31,7.73,2.3,0.31,7.57
675,12.79,213.53,13.08,7.73,9.24,0.57,7.69
676,18.55,213.53,13.18,7.73,5.14,1.0,8.06
677,52.62,213.53,12.66,7.73,5.93,1.0,11.34
678,54.12,213.53,12.75,7.73,6.79,1.0,7.75
679,58.84,213.53,12.71,7.73,7.46,1.0,7.89
680,57.23,213.53,12.88,7.73,6.22,1.0,9.6
681,18.67,213.53,13.16,7.73,6.59,0.65,7.71
682,25.29,213.53,13.3,7.73,8.7,0.39,8.2
683,47.71,213.53,15.04,7.73,29.17,0.83,14.06
684,42.13,213.53,18.4,7.73,26.61,1.0,7.91
685,24.15,213.53,12.89,7.73,6.62,0.63,5.19
686,34.51,213.53,11.48,7.73,4.36,0.73,8.55
687,21.36,213.53,11.32,7.73,4.36,0.74,8.42
688,16.91,213.53,11.21,7.73,4.37,0.74,6.1
689,21.05,213.53,11.6,7.73,4.35,0.74,4.19
690,21.01,213.53,11.27,7.73,4.4,0.74,5.97
691,21.04,213.53,11.26,7.73,4.37,0.73,7.68
692,25.31,213.53,12.5,7.73,6.22,0.72,11.98
693,34.73,46.69,7.78,7.73,12.51,0.69,7.455000000000001
694,25.522499999999997,130.11,10.7025,7.73,6.874999999999998,0.72,8.543333333333335
695,27.02666666666666,130.11,10.513333333333334,7.73,7.699999999999998,0.7133333333333334,9.830000000000002
696,30.84,139.94,10.14,7.73,12.53,0.68,11.98
697,21.25,49.39,5.32,7.73,7.89,0.72,10.71
698,21.01,94.66499999999999,21.34,7.73,4.36,0.73,6.94
699,20.89,94.66499999999999,12.83,7.73,4.37,0.73,12.72
700,26.44,94.66499999999999,11.7,7.73,4.36,0.73,9.53
701,36.74,49.39,9.5,7.73,4.39,0.73,4.18
702,16.72,50.088490566037734,5.32,7.73,4.38,0.73,7.02
703,9.91,50.786981132075475,13.65,7.73,4.39,0.74,4.19
704,9.14,51.48547169811321,5.57,7.73,4.36,0.73,6.52
705,7.48,52.18396226415094,3.99,7.73,4.37,0.73,7.91
706,7.66,52.88245283018868,4.0,7.73,4.41,0.73,9.24
707,16.25,53.58094339622642,5.62,7.73,4.37,0.74,8.02
708,20.84,54.27943396226415,6.96,7.73,4.41,0.74,8.59
709,24.9,54.97792452830189,7.94,7.73,4.36,0.73,7.61
710,30.81,55.676415094339625,6.130000000000001,7.73,4.35,0.73,3.88
711,23.2,56.37490566037736,6.840000000000001,7.73,4.372499999999998,0.7350000000000001,7.025
712,25.516666666666666,57.0733962264151,7.450000000000001,7.73,4.37333333333333,0.7333333333333334,6.693333333333334
713,27.854999999999997,57.77188679245283,7.94,7.73,4.354999999999996,0.73,5.745000000000001
714,44.25,58.470377358490566,11.95,7.73,13.78,1.25,10.44
715,46.47,59.1688679245283,14.64,7.73,8.26,1.04,6.96
716,30.4,59.86735849056604,18.78,7.73,8.24,0.7,8.93
717,37.05,60.565849056603774,18.4,7.73,8.21,0.7,7.7
718,42.22,61.264339622641515,19.98,7.73,8.23,0.7,7.48
719,47.58,61.96283018867925,22.59,7.73,8.23,0.7,8.59
720,44.6,62.66132075471698,25.13,7.73,8.25,0.7,8.46
721,43.84,63.359811320754716,27.86,7.73,8.19,0.7,8.26
722,48.6,64.05830188679246,33.9,7.73,8.22,0.7,7.71
723,45.65,64.7567924528302,11.01,7.73,8.26,0.69,11.19
724,65.72,65.45528301886793,11.29,7.73,8.27,0.7,3.9
725,38.18,66.15377358490566,11.29,7.73,8.24,0.7,8.21
726,49.41,66.8522641509434,11.29,7.73,8.23,0.7,8.6
727,43.01,67.55075471698113,11.29,7.73,8.24,0.7,8.03
728,24.22,68.24924528301887,11.29,7.73,8.22,0.7,12.82
729,19.61,68.94773584905661,11.3,7.73,8.22,0.7,8.45
730,20.47,69.64622641509435,11.3,7.73,8.24,0.7,8.78
731,21.25,70.34471698113208,11.29,7.73,8.21,0.7,8.71
732,19.56,71.04320754716981,11.3,7.73,8.22,0.7,5.1
733,15.26,71.74169811320755,11.28,7.73,8.21,0.7,6.89
734,14.11,72.4401886792453,11.28,7.73,8.21,0.7,8.55
735,7.81,73.13867924528302,11.29,7.73,8.21,0.7,1.83
736,9.13,73.83716981132076,13.2,7.73,7.64,0.7,7.44
737,15.77,74.5356603773585,13.7,7.73,6.55,0.7,7.72
738,21.89,75.23415094339623,11.3,7.73,6.58,0.7,7.49
739,39.71,75.93264150943396,11.29,7.73,6.58,0.7,8.63
740,53.3,76.6311320754717,11.29,7.73,6.6,0.7,9.09
741,52.05,77.32962264150945,11.3,7.73,6.56,0.7,9.29
742,48.36,78.02811320754718,11.29,7.73,6.55,0.7,10.58
743,78.43,78.72660377358491,12.57,7.73,8.87,0.75,7.73
744,62.58,79.42509433962265,11.3,7.73,8.24,0.7,9.83
745,67.06,80.12358490566038,11.29,7.73,8.2,0.7,9.37
746,55.13,80.82207547169813,11.28,7.73,8.22,0.7,9.63
747,48.67,81.52056603773585,11.29,7.73,8.21,0.7,9.31
748,73.34,82.2190566037736,11.27,7.73,8.24,0.7,11.17
749,68.29,82.91754716981133,11.3,7.73,8.19,0.7,9.83
750,78.54,83.61603773584906,11.31,7.73,8.24,0.7,7.59
751,45.74,84.3145283018868,11.3,7.73,8.23,0.7,5.19
752,21.65,85.01301886792453,11.28,7.73,8.24,0.7,4.34
753,25.63,85.71150943396228,11.27,7.73,8.22,0.7,5.9
754,27.12,86.41,11.29,7.73,8.23,0.7,7.99
755,26.0,87.10849056603774,11.28,7.73,8.25,0.7,5.62
756,31.23,87.80698113207548,11.29,7.73,8.24,0.7,8.23
757,37.24,88.50547169811321,13.09,7.73,9.55,0.7,12.31
758,47.09,89.20396226415096,14.22,7.73,10.0,0.7,11.47
759,39.29,89.90245283018868,12.41,7.73,8.27,0.7,13.8
760,35.83,90.60094339622643,12.41,7.73,8.25,0.7,16.09
761,45.11,91.29943396226416,12.39,7.73,8.22,0.7,12.59
762,45.04,91.9979245283019,11.77,7.73,5.87,0.7,10.2
763,44.98,92.69641509433963,11.3,7.73,4.1,0.7,13.57
764,45.02,93.39490566037736,11.29,7.73,4.09,0.7,19.93
765,34.92,94.09339622641511,11.3,7.73,4.12,0.7,13.3
766,60.59,94.79188679245283,11.28,7.73,4.11,0.7,16.81
767,75.51,95.49037735849058,11.3,7.73,4.14,0.7,17.68
768,98.21,96.18886792452831,11.28,7.73,4.12,0.7,11.49
769,52.7,96.88735849056604,11.3,7.73,4.07,0.7,17.11
770,62.94,97.58584905660379,11.3,7.73,4.12,0.7,19.94
771,68.14,98.28433962264151,11.28,7.73,4.11,0.7,13.62
772,37.87,98.98283018867926,11.27,7.73,4.1,0.7,9.28
773,44.68,99.68132075471699,11.3,7.73,4.11,0.7,13.78
774,41.65,100.37981132075473,11.28,7.73,4.12,0.7,7.72
775,42.52,101.07830188679246,11.28,7.73,4.11,0.7,5.41
776,40.52,101.7767924528302,11.29,7.73,4.1,0.7,8.02
777,46.93,102.47528301886794,11.28,7.73,4.13,0.7,10.31
778,61.99,103.17377358490566,11.28,7.73,4.1,0.7,7.78
779,58.55,103.87226415094341,11.31,7.73,4.12,0.7,13.45
780,59.61,104.57075471698114,11.28,7.73,4.11,0.7,11.58
781,22.96,105.26924528301888,11.28,7.73,4.12,0.7,13.22
782,13.75,105.96773584905662,11.29,7.73,4.12,0.7,21.05
783,28.94,106.66622641509434,21.91,7.73,4.11,0.7,10.84
784,57.12,107.36471698113209,49.24,7.73,9.39,0.7,10.02
785,36.89,108.06320754716982,40.71,7.73,20.75,0.7,6.45
786,42.67,108.76169811320756,7.89,7.73,21.46,0.7,7.63
787,42.47,109.46018867924529,8.71,7.73,24.53,0.7,6.78
788,27.6,110.15867924528303,15.14,7.73,25.89,0.7,4.3
789,23.78,110.85716981132077,5.24,7.73,27.72,0.7,5.43
790,25.36,111.55566037735849,5.37,7.73,29.28,0.7,4.97
791,36.1,112.25415094339624,5.95,7.73,27.12,0.7,4.92
792,55.96,112.95264150943397,6.88,7.73,30.78,0.7,6.68
793,84.72,113.65113207547171,5.08,7.73,33.51,0.7,5.85
794,38.6,114.34962264150944,10.17,7.73,31.28,0.7,6.92
795,39.86,115.04811320754717,5.79,7.73,30.91,0.7,4.9
796,95.47,115.74660377358492,4.52,7.73,32.76,0.7,5.35
797,43.95,116.44509433962266,5.28,7.73,31.5,0.7,3.41
798,61.83,117.14358490566039,4.75,7.73,33.17,0.7,4.45
799,33.77,117.84207547169812,5.82,7.73,32.42,0.7,4.67
800,14.39,118.54056603773586,4.07,7.73,28.24,0.7,4.54
801,26.06,119.23905660377359,4.95,7.73,29.58,0.7,4.42
802,86.69,119.93754716981134,4.94,7.73,29.04,0.7,6.04
803,49.33,120.63603773584907,6.44,7.73,30.06,0.7,5.41
804,28.99,121.3345283018868,6.3,7.73,29.89,0.7,7.54
805,23.57,122.03301886792454,7.61,7.73,30.33,0.7,6.26
806,30.39,122.73150943396227,7.69,7.73,34.03,0.7,3.8
807,41.38,123.43,7.63,7.73,30.98,0.68,9.96
808,40.26,184.79,8.44,12.42,28.78,0.7,8.61
809,71.79,189.98,7.4,8.88,31.48,0.7,7.12
810,39.76,160.47,7.05,8.2,30.19,0.7,7.71
811,37.76,142.78,9.94,14.68,29.88,0.7,4.75
812,41.07,160.8,7.41,6.92,29.54,0.7,6.96
813,65.14,170.07,8.98,1.58,24.2,0.7,6.91
814,52.85,144.96,8.47,3.41,25.95,0.7,12.62
815,43.93,130.9,9.29,2.13,25.64,0.7,10.81
816,39.97,97.64,9.43,8.39,28.48,0.7,5.11
817,50.4725,135.8925,16.08,17.84,28.02,0.7,3.58
818,45.583333333333336,124.50000000000001,10.817499999999999,7.942500000000001,27.022499999999997,0.7,8.030000000000001
819,41.95,114.27000000000002,11.6,9.453333333333333,27.379999999999995,0.7,6.500000000000001
820,31.27,102.25,6.7,9.77,28.08,0.7,14.31
821,29.35,80.33,5.91,10.15,26.55,0.7,11.63
822,44.96,101.19,7.49,10.82,26.8,0.7,15.06
823,47.1,106.75,5.6,10.11,27.05,0.7,10.16
824,35.62,88.55,5.48,12.58,28.01,0.7,9.09
825,2.46,98.07,5.64,14.02,26.71,0.7,7.99
826,32.535,76.73,5.26,12.7,29.4,0.7,12.15
827,28.39333333333333,90.16,6.06,12.57,28.39,0.7,8.96
828,19.039999999999996,105.55,6.39,4.47,32.8,0.7,7.75
829,43.36,88.29,7.03,5.42,32.56,0.7,6.62
830,41.82,83.63,5.96,12.92,35.77,0.7,3.61
831,38.17,70.14,3.63,15.85,37.78,0.7,2.44
832,20.95,39.34,3.5,9.65,33.5,0.7,4.0
833,9.81,48.26,3.78,4.11,39.27,0.7,3.29
834,13.82,49.38,6.17,9.01,44.81,0.7,2.96
835,19.18,35.39,6.2,6.6,44.24,0.7,6.72
836,38.94,43.0925,5.45,12.36,38.27,0.7,5.27
837,24.77,52.91,5.72,9.77,36.3,0.7,6.76
838,17.94,35.76,5.9,6.97,37.31,0.7,5.02
839,30.03,60.05,5.817500000000001,8.924999999999999,38.86,0.7,9.52
840,31.8,63.22,5.12,13.29,40.47,0.7,5.69
841,24.32,48.64,5.54,15.82,37.69,0.7,9.98
842,23.25,46.51,4.33,13.74,36.81,0.7,7.42
843,26.04,52.07,5.27,10.59,35.62,0.7,6.16
844,29.07,58.15,6.11,11.97,38.83,0.7,5.82
845,25.86,51.71,3.7,13.58,39.04,0.7,6.7
846,34.19,68.39,3.49,14.0,39.31,0.7,12.31
847,32.35,64.7,5.45,12.27,36.95,0.7,15.92
848,35.72,71.43,6.17,12.93,35.73,0.7,10.5
849,32.45,64.91,5.63,9.57,38.54,0.7,8.21
850,24.1,48.21,4.39,11.22,45.13,0.7,13.35
851,19.88,39.77,3.97,15.89,46.1,0.7,21.27
852,9.83,19.67,2.22,13.28,42.34,0.7,22.34
853,12.5,25.01,3.43,13.94,41.99,0.7,43.35
854,15.28,30.57,3.48,14.47,45.15,0.7,20.46
855,15.48,30.96,3.32,13.1,44.94,0.7,37.36
856,13.09,26.18,3.76,10.05,48.69,0.7,33.08
857,10.7,21.41,3.15,15.19,50.55,0.7,66.47
858,13.39,26.74,3.93,21.35,50.9,0.7,24.19
859,14.15,28.54,4.77,20.79,52.5,0.7,22.34
860,9.95,19.88,2.73,18.76,23.96,0.7,2.39
861,10.79,21.57,3.65,22.1,7.98,0.7,4.68
862,13.22,26.46,3.09,21.78,17.84,0.7,2.34
863,13.02,26.0,2.41,7.0,3.83,0.7,21.15
864,14.61,29.22,2.56,6.57,2.69,0.7,20.42
865,13.99,27.82,2.94,6.72,2.74,0.7,14.95
866,13.15,26.3,2.55,4.02,4.37,0.7,12.25
867,16.82,33.63,3.32,9.82,4.76,0.7,18.85
868,18.74,37.47,2.41,7.15,5.17,0.7,29.45
869,16.52,33.05,2.13,9.11,5.2,0.7,30.8
870,16.78,33.56,4.59,12.41,6.09,0.7,26.64
871,15.54,30.92,5.34,8.43,7.36,0.7,20.32
872,19.28,38.55,5.83,11.36,12.2,0.7,14.86
873,24.34,48.63,6.65,18.93,14.61,0.7,12.64
874,25.23,50.17,5.88,22.99,21.09,0.7,38.94
875,30.42,60.84,5.97,26.88,22.57,0.7,15.53
876,24.75,49.5,5.42,39.46,56.43,0.7,15.54
877,29.25,58.51,4.9,42.4,72.15,0.7,11.1
878,29.76,59.51,4.59,38.36,65.14,0.7,14.96
879,30.94,61.88,5.62,42.46,80.52,0.7,13.85
880,23.15,46.29,5.98,40.33,72.03,0.7,17.79
881,18.4,36.81,4.75,41.98,77.13,0.7,11.0
882,20.3,40.59,5.04,43.18,90.63,0.7,14.08
883,20.54,41.09,5.08,38.84,86.64,0.7,12.35
884,20.39,40.78,3.63,21.67,31.8,0.7,14.32
885,15.7,31.39,2.73,13.06,18.67,0.7,8.39
886,16.08,32.16,2.71,10.49,18.42,0.7,20.14
887,15.61,31.22,3.04,8.79,17.06,0.7,23.29
888,21.21,42.43,4.38,9.29,16.84,0.7,20.77
889,19.15,38.3,4.93,8.33,18.97,0.7,12.07
890,24.22,48.43,5.04,9.24,17.53,0.7,11.93
891,20.1,40.19,4.64,9.94,17.56,0.7,2.53
892,27.6,55.19,5.02,10.22,17.57,0.7,0.68
893,26.23,52.86,5.56,15.27,26.43,0.7,11.5
894,12.67,25.3,3.28,11.05,0.42,0.7,16.04
895,18.6,37.2,6.0,13.52,3.91,0.7,8.09
896,25.77,51.55,5.4,12.53,6.1,0.7,12.01
897,38.24,76.42,7.84,11.92,8.63,0.7,11.47
898,44.83,90.04,5.92,16.25,10.27,0.7,14.52
899,48.53,97.06,5.46,27.91,26.97,0.7,10.12
900,50.73,101.85,6.61,32.97,26.84,0.7,9.87
901,44.86,89.71,4.69,40.38,63.15,0.7,6.32
902,41.34,82.68,8.53,50.5,93.56,0.7,8.5
903,41.79,83.13,6.23,26.06,30.92,0.7,16.74
904,46.41,92.82,6.49,18.32,6.84,0.7,21.5
905,34.39,69.1,6.49,11.78,9.45,0.7,10.5
906,39.01,89.87,10.45,11.53,10.06,0.69,27.13
907,45.62,91.23,6.92,12.85,0.7,0.7,48.12
908,20.43,40.87,5.86,9.9,0.08,0.7,35.03
909,26.69,52.96,9.05,11.8,11.27,0.7,30.37
910,30.51,61.01,5.25,7.07,0.01,0.7,21.17
911,27.34,54.12,4.87,7.57,127.87,0.69,9.68
912,21.97,43.93,6.6,7.58,19.56,0.7,7.36
913,27.44,55.13,9.64,11.75,28.36,0.7,19.5
914,23.12,46.24,7.47,10.99,32.57,0.7,15.42
915,25.18,50.37,6.63,10.62,44.25,0.7,21.87
916,16.92,33.84,6.04,9.08,43.79,0.69,5.59
917,29.84,59.68,7.58,10.57,50.14,0.7,4.07
918,23.79,47.45,6.25,9.14,30.12,0.7,4.91
919,28.11,56.19,6.53,9.67,9.28,0.7,15.46
920,17.22,34.45,0.02,9.615,9.71,0.7,29.57
921,19.51,39.02,5.095,9.793333333333335,10.15,0.7,11.56
922,15.84,31.67,4.266666666666667,9.405000000000001,10.19,0.7,13.76
923,26.31,52.63,3.275,9.67,10.16,0.7,9.13
924,34.01,68.02,0.02,11.446666666666667,10.35,0.7,5.97
925,26.09,52.18,7.005,13.223333333333333,10.34,0.7,1.73
926,16.44,32.59,13.99,15.0,10.35,0.7,16.68
927,26.38,52.75,14.01,15.0,10.57,0.7,6.96
928,15.91,31.81,14.03,15.0,10.69,0.69,4.95
929,21.205000000000002,42.3325,14.01,15.0,10.487499999999995,0.6975,7.58
930,20.78,41.0,14.01,15.0,10.93,0.7,13.26
931,23.64,47.02,14.02,15.0,10.87,0.7,15.87
932,26.23,52.03,14.02,15.01,10.53,0.7,16.98
933,31.96,63.97,14.01,15.0,10.73,0.7,6.41
934,29.7,59.38,13.12,15.01,10.86,0.7,0.78
935,29.8,59.47,11.48,15.0,10.87,0.7,7.65
936,23.98,47.94,11.48,15.0,10.97,0.7,8.54
937,19.37,38.08,11.5,14.99,11.16,0.7,17.31
938,23.14,45.45,11.47,15.01,11.87,0.7,11.4
939,34.52,69.04,11.49,15.01,12.39,0.7,9.18
940,30.77,61.29,11.47,14.99,12.39,0.7,10.05
941,34.82,69.64,11.49,15.0,12.53,0.7,6.99
942,25.89,51.86,11.48,15.02,12.43,0.7,6.63
943,21.61,43.22,11.47,15.0,12.44,0.7,5.87
944,24.13,48.26,11.47,15.0,12.43,0.7,11.12
945,22.92,45.84,11.48,14.99,12.46,0.7,6.84
946,25.85,51.7,11.48,14.99,12.61,0.7,6.59
947,30.91,62.04,11.47,15.0,12.76,0.7,10.06
948,27.57,55.45,11.49,15.0,12.45,0.7,9.28
949,24.18,48.35,11.48,15.0,12.41,0.7,10.42
950,27.91,55.82,11.47,15.0,12.79,0.7,7.82
951,24.69,49.21,11.47,15.0,10.83,0.7,11.8
952,14.08,28.16,11.47,15.0,7.64,0.7,5.63
953,26.05,52.1,11.48,14.99,7.75,0.7,4.15
954,25.3,50.59,11.48,15.02,7.67,0.7,3.72
955,31.06,62.13,11.48,14.99,8.24,0.7,4.03
956,30.07,60.63,11.47,14.99,8.27,0.7,4.54
957,29.36,58.68,11.47,15.0,8.24,0.7,3.67
958,36.04,72.08,11.46,14.99,9.01,0.7,3.81
959,30.74,61.49,11.48,15.0,10.71,0.7,3.25
960,27.93,55.64,11.49,15.01,11.43,0.7,2.02
961,25.46,50.49,11.48,14.99,11.45,0.7,1.8
962,24.87,49.67,11.46,15.01,11.52,0.7,2.0
963,24.78,49.6,11.46,14.99,11.52,0.7,14.03
964,24.85,49.78,11.51,15.01,11.84,0.7,1.14
965,24.79,49.64,11.47,14.99,11.87,0.7,0.71
966,31.8,63.6,11.48,15.01,12.23,0.7,3.51
967,25.05,50.09,11.48,15.0,12.43,0.7,0.95
968,26.69,53.36,11.49,14.99,12.74,0.7,5.05
969,23.3,46.53,11.5,15.0,11.66,0.7,4.54
970,17.07,34.14,11.47,14.99,11.64,0.7,3.98
971,15.66,31.33,11.48,14.99,14.6,0.7,3.79
972,21.57,43.14,11.47,14.98,61.85,0.69,0.62
973,25.66,51.24,11.49,15.01,79.2,0.7,0.25
974,36.94,73.88,11.48,14.99,50.07,0.72,0.21
975,31.79,63.58,11.48,14.99,19.46,0.71,10.33
976,22.06,44.12,11.49,15.0,20.46,0.71,12.75
977,24.4,48.8,12.72,15.0,22.41,0.71,22.62
978,24.0,48.23,14.04,15.01,23.34,0.71,33.41
979,29.67,59.34,13.99,15.0,20.69,0.72,11.24
980,20.96,41.92,14.0,14.99,19.97,0.71,9.92
981,25.97,51.94,13.99,15.0,20.89,0.71,8.1
982,24.23,48.46,14.0,15.01,21.07,0.71,11.02
983,24.62,49.24,14.01,14.99,18.87,0.71,6.2
984,25.12,50.35,14.02,15.0,17.95,0.71,11.16
985,24.75,49.5,14.0,14.99,17.73,0.71,10.05
986,24.12,48.23,14.0,14.99,17.63,0.71,8.45
987,25.65,51.21,14.0,15.0,17.24,0.71,8.92
988,28.64,57.29,13.99,14.99,16.07,0.71,13.62
989,30.32,60.33,13.99,15.0,15.51,0.71,17.73
990,35.23,70.46,14.03,15.0,15.46,0.71,15.38
991,29.23,58.53,14.01,15.0,14.78,0.71,8.74
992,27.39,54.78,14.01,15.0,14.1,0.7,13.16
993,22.25,44.5,14.0,15.01,13.77,0.71,13.21
994,25.57,51.2,14.0,14.99,14.97,0.71,9.63
995,21.78,43.78,14.0,15.0,19.06,0.71,77.57
996,33.23,66.47,14.01,15.0,11.95,0.71,1.77
997,37.72,75.39,13.97,15.01,12.93,0.71,4.08
998,30.08,60.42,14.01,14.99,12.2,0.71,1.79
999,20.6,41.07,13.97,15.01,12.11,0.71,0.88
1000,23.07,46.14,14.0,14.99,12.26,0.71,2.04
1001,27.69,55.72,14.02,14.99,12.33,0.7,3.9
1002,34.21,68.43,14.01,15.01,11.73,0.71,10.7
1003,37.47,75.24,13.99,15.0,13.18,0.71,28.53
1004,17.84,35.68,13.99,15.01,23.71,0.7,2.35
1005,13.0,26.03,14.01,15.0,19.3,0.7,4.56
1006,9.47,18.99,14.0,15.0,9.98,0.71,1.96
1007,14.11,28.34,13.97,15.0,11.64,0.71,2.44
1008,11.65,23.32,14.01,15.0,16.88,0.71,3.33
1009,16.21,31.95,14.0,15.0,14.95,0.71,3.27
1010,18.51,36.96,14.02,15.01,14.84,0.71,4.37
1011,20.81,41.87,13.67,15.98,14.71,0.71,3.75
1012,17.89,35.37,12.87,18.29,12.81,0.71,4.76
1013,21.46,43.01,13.07,18.79,13.6,0.71,10.57
1014,28.13,56.26,12.99,18.52,13.88,0.71,12.6
1015,20.13,40.26,13.04,18.5,14.5,0.71,17.91
1016,21.902499999999996,43.724999999999994,12.9925,18.525,13.697499999999998,0.71,11.46
1017,23.24,46.50999999999999,13.033333333333333,18.603333333333335,13.99333333333333,0.71,13.693333333333335
1018,24.129999999999995,48.25999999999999,13.015,18.51,14.189999999999994,0.71,15.255
1019,20.13,40.26,13.04,18.5,14.5,0.71,17.91
1020,27.12333333333333,54.38333333333333,13.1,18.4,14.196666666666667,0.72,15.696666666666667
1021,34.11666666666667,68.50666666666666,13.16,18.3,13.893333333333333,0.73,13.483333333333334
1022,41.11,82.63,13.22,18.2,13.59,0.74,11.27
1023,37.01,74.48,13.04,18.25,12.85,0.72,11.15
1024,32.72,65.15,13.06,18.5,12.69,0.71,10.72
1025,20.81,41.62,12.69,18.34,12.82,0.71,8.92
1026,19.15,38.16,12.95,17.71,12.42,0.7,8.68
1027,21.68,43.36,13.01,18.58,12.48,0.72,9.48
1028,38.76,78.05,12.89,16.96,13.46,0.72,10.75
1029,53.29,106.6,13.08,18.22,17.02,0.71,11.74
1030,61.97,123.94,13.01,18.29,16.24,0.73,13.72
1031,54.54,109.61,21.32,25.53,17.44,0.72,15.66
1032,53.9,73.28,20.44,45.25,21.87,0.72,0.79
1033,30.04,43.91,16.71,42.3,23.59,0.71,10.7
1034,21.22,42.44,19.46,37.69,24.3,0.71,0.85
1035,12.16,24.32,19.49,36.3,23.67,0.71,7.33
1036,15.69,31.57,15.46,37.13,25.45,0.72,9.37
1037,27.82,54.47,17.03,32.64,15.24,0.79,8.6
1038,56.5,74.16,22.45,31.41,18.59,1.27,10.87
1039,41.64,65.54,26.16,25.31,27.37,0.99,8.65
1040,17.48,42.0,33.69,28.85,5.81,1.05,11.17
1041,15.66,39.1,39.55,21.98,2.68,0.95,23.17
1042,43.58,82.05,30.95,16.84,7.32,1.03,6.93
1043,31.6,63.62,14.94,23.28,4.55,1.15,8.7
1044,31.31,63.16,12.41,34.02,16.57,0.88,13.44
1045,33.45,66.22,7.6,23.97,7.28,0.85,23.41
1046,10.25,30.79,10.67,15.59,27.28,1.08,12.52
1047,17.67,42.09,11.15,13.2,46.87,1.45,10.41
1048,16.08,39.74,9.95,14.4,66.53,1.35,7.26
1049,14.53,37.36,5.09,38.47,43.82,1.11,10.12
1050,16.25,39.99,6.8,61.17,41.89,0.84,12.83
1051,14.23,36.9,6.57,31.17,21.15,0.57,12.14
1052,8.33,27.85,9.5,42.53,16.34,0.4,14.66
1053,8.35,27.84,6.18,28.9,16.23,0.57,11.21
1054,10.02,30.42,6.98,30.41,18.91,0.67,10.72
1055,11.35,32.46,11.6,41.06,18.27,0.59,17.78
1056,14.0,36.55,4.4,35.27,21.71,0.85,14.84
1057,13.52,35.81,6.85,16.89,22.37,0.66,11.59
1058,16.07,39.72,7.16,16.79,22.59,0.69,10.96
1059,17.87,42.49,8.66,12.6,19.38,0.56,13.86
1060,11.5,32.68,16.04,16.9,21.05,0.54,66.31
1061,12.39,34.04,28.73,20.88,18.74,0.47,62.65
1062,7.37,26.34,15.147499999999999,16.7925,18.92,0.46,67.51
1063,8.47,28.03,13.05,26.0,21.21,0.55,80.42
1064,13.6,36.1,10.97,13.19,23.62,0.53,67.11
1065,23.4,50.89,16.56,19.21,18.65,0.47,14.3
1066,26.18,55.26,18.33,15.6,19.07,0.66,21.75
1067,26.36,55.56,17.18,15.18,19.08,0.7,20.96
1068,22.05,48.92,17.21,15.37,18.78,0.69,37.43
1069,30.49,61.91,17.89,23.04,23.11,0.83,13.93
1070,32.54,65.06,11.63,13.76,20.81,0.73,14.42
1071,25.72,54.56,13.36,17.09,23.69,0.76,14.83
1072,17.11,41.33,14.43,13.2,22.62,0.71,14.55
1073,26.465,55.715,14.327499999999999,16.7725,22.557499999999997,0.7575,14.432500000000001
1074,19.73,45.36,14.75,18.26,19.09,0.59,13.87
1075,15.62,39.04,11.74,15.29,20.23,0.5,16.2
1076,11.0,31.9,12.36,15.39,19.52,0.47,23.9
1077,14.65,37.54,12.69,14.72,20.18,0.52,20.37
1078,21.16,47.58,12.53,13.69,18.64,0.57,28.46
1079,30.4,61.76,17.31,14.81,20.4,0.55,36.59
1080,36.14,70.6,18.5,15.51,20.67,0.62,42.19
1081,33.92,67.19,19.91,16.87,22.52,0.59,38.24
1082,32.98,65.75,18.54,15.44,22.57,0.53,46.69
1083,25.47,54.19,19.55,15.66,26.93,0.57,46.95
1084,28.64,59.07,20.23,18.24,23.79,0.68,42.23
1085,30.62,62.12,21.15,20.26,25.79,0.7,47.89
1086,30.32,61.65,23.92,32.87,30.0,1.08,54.45
1087,30.5,61.92,23.11,23.42,37.13,0.82,57.53
1088,28.59,58.99,17.04,20.53,29.11,0.69,41.61
1089,50.16,92.17,17.26,23.13,30.17,0.74,47.58
1090,47.39,87.91,16.23,21.76,27.79,0.73,41.32
1091,45.46,84.95,14.05,18.36,28.19,0.6,37.09
1092,36.62,71.34,14.48,17.81,24.19,0.6,31.92
1093,37.28,72.35,14.23,17.01,25.88,0.58,24.26
1094,34.38,67.9,11.67,16.24,25.21,0.45,39.07
1095,29.75,60.77,83.09,96.6,34.89,1.48,12.82
1096,26.55,55.84,40.7,94.38,30.41,1.84,16.81
1097,26.07,55.11,39.69,72.98,33.01,1.56,17.8
1098,40.05,76.61,23.29,49.13,39.87,1.68,25.91
1099,47.55,88.09,18.99,55.16,45.62,1.31,37.28
1100,44.18,82.98,18.11,99.61,50.42,1.58,24.0
1101,32.72,65.33,15.5,69.28,52.02,1.33,25.54
1102,27.35,57.07,14.72,29.22,52.37,1.13,21.71
1103,22.39,49.44,19.24,30.65,48.65,1.25,22.44
1104,17.24,41.52,8.85,17.24,44.12,1.46,24.05
1105,21.18,47.61,12.83,18.19,42.97,1.47,21.15
1106,24.56,52.79,12.33,20.52,42.86,1.46,15.13
1107,22.24,49.21,10.96,17.55,40.41,1.27,11.51
1108,30.82,62.41,10.0,15.26,39.12,1.39,12.53
1109,15.89,39.45,8.55,13.63,35.59,1.05,12.49
1110,15.92,39.49,8.89,14.4,34.83,1.4,15.84
1111,12.36,34.04,6.12,11.52,31.35,1.67,20.44
1112,15.84,39.37,12.73,15.75,31.56,1.48,20.35
1113,33.21,66.19,17.02,35.96,35.38,1.28,24.55
1114,45.71,85.33,19.04,26.61,39.01,1.15,29.27
1115,44.91,84.09,17.82,22.03,39.84,1.48,39.35
1116,45.91,85.63,14.61,29.57,38.07,1.34,37.31
1117,41.02,78.11,11.59,15.76,33.04,1.68,33.69
1118,33.43,66.43,5.92,11.66,30.2,1.45,36.55
1119,26.43,55.67,15.45,16.23,31.16,1.48,21.84
1120,32.97,65.72,12.64,22.02,36.44,1.46,18.7
1121,22.72,49.95,10.07,15.37,31.66,1.54,15.69
1122,23.67,51.43,10.73,15.65,31.38,1.74,17.31
1123,45.22,84.57,16.72,14.82,29.31,1.29,30.3
1124,66.91,117.94,18.98,17.95,30.6,1.4,28.93
1125,39.629999999999995,75.97250000000001,14.125,15.947500000000002,30.737499999999997,1.4925,23.057499999999997
1126,45.26666666666666,84.64666666666668,15.476666666666667,16.14,30.429999999999993,1.4766666666666666,25.513333333333332
1127,46.37,86.39,16.54,18.18,33.78,1.66,38.47
1128,41.77,79.27,17.21,27.12,36.54,1.44,23.97
1129,36.45,71.36,14.8,22.31,34.45,1.41,26.06
1130,29.19,59.9,12.92,19.09,30.52,1.36,28.99
1131,29.89,60.98,11.99,17.72,26.44,1.67,22.73
1132,33.15,65.99,12.52,15.84,24.43,1.85,28.23
1133,36.86,71.7,15.17,17.99,22.22,1.88,31.31
1134,42.83,80.88,15.28,20.96,20.93,1.25,49.17
1135,35.17,69.1,15.25,16.66,20.6,1.45,58.91
1136,47.52,88.12,19.32,18.7,20.34,1.64,43.52
1137,38.65,75.04,15.94,17.59,20.13,1.22,48.78
1138,36.8,71.75,16.46,17.23,20.45,1.08,166.06
1139,42.06,79.65,14.91,18.21,20.78,0.87,65.78
1140,44.73,83.82,13.17,16.64,20.57,1.45,104.77
1141,38.71,74.55,14.84,16.84,20.65,1.18,126.16
1142,43.62,82.11,17.2,17.55,20.62,1.55,94.45
1143,42.02,79.65,17.73,18.24,20.56,1.07,114.89
1144,34.65,68.3,12.05,15.04,20.41,1.1,95.1
1145,45.5,85.01,12.74,14.09,19.92,1.15,47.49
1146,55.82,100.87,15.55,17.21,19.95,0.93,99.57
1147,35.63,69.81,11.84,17.11,20.12,1.11,182.94
1148,31.31,63.17,9.95,14.88,20.2,1.19,163.31
1149,24.48,52.76,9.81,13.58,20.15,1.34,159.56
1150,31.99,64.24,11.91,18.55,20.3,1.22,91.19
1151,39.14,75.22,14.12,27.34,20.63,1.12,47.23
1152,38.45,74.16,11.4475,18.5875,21.25,0.96,64.73
1153,27.52,57.34,11.946666666666667,19.823333333333334,21.78,1.04,81.35
1154,34.36,67.87,13.26,17.32,18.92,1.4,35.7
1155,31.51,63.48,14.19,18.85,13.94,1.8,34.42
1156,40.45,77.23,16.11,21.52,14.26,1.54,32.19
1157,43.25,81.54,15.76,17.66,14.44,1.48,35.15
1158,43.04,81.22,15.3,15.32,14.87,1.85,42.18
1159,37.58,72.82,17.97,18.13,14.87,1.84,40.92
1160,30.03,61.2,12.37,12.76,15.63,1.55,47.33
1161,29.56,60.48,10.83,15.31,15.43,1.45,51.5
1162,43.63,82.12,14.19,18.92,15.78,1.03,39.47
1163,44.02,82.68,13.04,14.8,14.74,1.13,39.13
1164,43.97,82.64,15.69,17.94,14.72,0.97,35.03
1165,39.1,75.16,15.91,17.64,14.7,1.22,36.99
1166,40.83,77.58,17.55,18.83,14.82,1.46,33.02
1167,43.61,82.09,16.33,19.25,14.79,1.21,51.07
1168,47.81,88.56,15.65,17.03,14.96,1.09,101.74
1169,48.26,89.25,16.73,20.57,14.79,1.12,102.95
1170,52.71,96.08,17.61,17.63,14.82,1.38,70.35
1171,54.98,99.39,16.45,19.59,15.13,1.27,129.99
1172,37.35,72.46,11.05,18.2,15.3,1.3,149.06
1173,38.4,74.08,8.85,17.81,15.95,1.71,135.02
1174,38.52,74.29,9.5,16.42,16.06,1.54,125.24
1175,47.49,88.07,9.56,16.47,16.26,1.31,124.21
1176,44.96,84.18,18.98,20.8,16.45,1.46,80.71
1177,43.87,82.4,7.13,20.78,15.52,1.24,26.61
1178,36.44,71.17,6.2,10.54,14.26,1.25,4.83
1179,31.56,63.55,5.58,15.85,15.7,1.25,2.37
1180,30.62,62.11,5.46,31.25,15.38,1.25,1.78
1181,24.68,52.97,5.17,28.72,15.64,1.25,2.13
1182,21.92,48.72,4.85,32.06,15.64,1.25,0.99
1183,19.75,45.38,4.02,38.43,15.67,1.25,2.21
1184,21.68,48.35,4.98,28.01,15.66,1.26,1.47
1185,18.67,43.76,4.44,35.53,15.49,1.25,3.56
1186,19.22,44.56,4.68,42.69,15.61,1.25,8.72
1187,17.98,42.65,4.92,32.2,15.76,1.25,43.07
1188,17.23,41.5,5.09,27.12,16.11,1.25,41.29
1189,15.59,38.99,4.3,29.25,16.16,1.25,55.04
1190,13.73,36.6,15.39,41.01,28.24,2.47,9.38
1191,12.06,33.56,11.44,36.86,28.02,1.06,9.18
1192,14.6525,37.66250000000001,9.055,33.56,22.132499999999993,1.5075000000000003,28.722500000000004
1193,13.793333333333335,36.38333333333334,10.376666666666667,35.70666666666666,24.139999999999997,1.5933333333333337,24.533333333333335
1194,23.1,50.22,6.27,29.66,9.82,1.5,10.4
1195,11.84,33.21,3.44,32.97,10.31,0.97,13.24
1196,14.8,37.77,9.39,20.47,10.06,1.14,20.37
1197,9.88,30.2,5.01,21.66,9.67,0.66,19.05
1198,14.905000000000001,37.85,6.0275,26.189999999999998,9.964999999999996,1.0675,15.765
1199,12.173333333333334,33.72666666666667,5.946666666666666,25.03333333333333,10.013333333333328,0.9233333333333332,17.553333333333335
1200,12.340000000000002,33.985,7.2,21.064999999999998,9.864999999999991,0.8999999999999998,19.71
1201,9.88,30.2,5.01,21.66,9.67,0.66,19.05
1202,11.23,32.286,5.014,21.414,9.812,0.776,19.838
1203,12.58,34.372,5.018,21.168,9.954,0.892,20.626
1204,13.93,36.458,5.022,20.922,10.096,1.008,21.414
1205,15.28,38.544000000000004,5.026,20.676,10.238000000000001,1.124,22.201999999999998
1206,16.63,40.63,5.03,20.43,10.38,1.24,22.99
1207,14.25,36.92,3.85,24.99,10.31,1.91,23.93
1208,14.67,37.58,3.66,20.49,10.64,1.68,26.44
1209,13.35,35.53,3.82,24.02,11.22,1.44,27.25
1210,15.93,39.51,9.74,22.95,11.25,2.13,25.97
1211,18.75,43.85,11.74,28.09,11.13,1.87,29.6
1212,16.07,39.7,5.78,21.29,11.11,2.07,42.12
1213,15.79,39.29,3.21,14.75,8.34,1.91,24.97
1214,19.08,44.35,3.69,11.94,8.64,1.63,118.59
1215,22.96,50.32,5.63,19.07,10.09,1.55,71.44
1216,24.07,52.03,4.42,30.11,12.5,1.64,34.63
1217,44.02,82.72,14.54,31.73,10.33,1.66,55.86
1218,30.68,62.27,4.63,22.81,11.62,0.82,25.08
1219,27.25,56.89,4.62,21.35,12.19,0.85,15.14
1220,34.42,67.95,15.86,28.25,13.14,1.32,13.48
1221,31.24,63.07,6.89,18.25,11.54,1.08,18.04
1222,38.51,74.25,10.07,13.71,10.94,0.81,25.64
1223,39.6,75.92,7.24,11.07,10.95,0.88,33.87
1224,50.18,92.2,12.8,19.08,10.8,1.05,18.03
1225,36.22,70.73,10.15,37.11,14.59,1.16,13.73
1226,32.76,65.4,18.36,152.25,16.03,1.05,14.81
1227,27.8,57.77,11.01,75.99,13.45,0.89,16.92
1228,24.05,52.0,10.65,47.63,13.15,1.11,23.44
1229,28.24,58.44,10.83,42.7,13.88,1.36,31.97
1230,21.72,48.41,17.43,33.99,14.7,1.36,35.1
1231,20.21,46.09,12.51,26.49,14.37,1.29,33.68
1232,24.44,52.59,10.91,25.3,12.29,1.13,28.74
1233,17.06,41.25,6.54,19.57,13.93,1.13,34.48
1234,20.06,45.87,7.94,19.88,14.78,1.14,43.13
1235,35.98,70.35,14.45,22.34,12.4,1.07,39.54
1236,32.17,64.49,14.72,20.25,12.35,0.79,31.04
1237,36.15,70.46,13.49,18.89,12.32,0.7,38.2
1238,26.04,55.06,9.95,17.99,12.34,0.91,88.7
1239,29.74,60.76,7.55,14.07,12.45,0.83,51.62
1240,32.97,65.72,10.67,14.52,13.76,1.22,38.03
1241,31.42,63.33,15.95,22.29,15.39,1.24,36.94
1242,29.37,60.19,13.74,24.0,14.6,1.17,49.63
1243,29.97,61.1,13.54,22.74,13.95,1.1,53.97
1244,30.9325,62.584999999999994,13.475,20.8875,14.424999999999995,1.1825,44.6425
1245,30.253333333333334,61.53999999999999,14.410000000000002,23.01,14.646666666666661,1.17,46.846666666666664
1246,33.26,66.17,14.73,18.76,19.06,1.4,53.12
1247,33.66,66.79,17.06,31.13,21.66,1.07,42.29
1248,36.19,70.67,14.45,27.98,17.2,1.08,50.4
1249,33.69,66.83,10.07,16.12,11.95,0.92,52.38
1250,41.51,26.93,8.99,12.38,12.1,0.88,95.73
1251,86.56,27.11,6.06,10.62,11.82,0.97,54.6
1252,64.31,57.79,7.87,11.27,11.82,0.77,66.08
1253,39.3,75.46,11.49,15.68,11.49,1.04,49.3
1254,38.09,73.6,9.4,14.88,11.44,1.19,40.93
1255,35.01,68.86,14.62,19.1,11.27,0.86,35.92
1256,31.82,63.96,10.61,19.59,11.11,1.32,36.46
1257,33.2,66.08,13.56,18.41,13.56,1.62,31.03
1258,36.43,71.08,9.5,22.97,18.26,1.12,60.43
1259,31.02,62.73,10.47,22.0,13.82,0.96,74.58
1260,39.71,75.97,7.79,14.18,12.4,1.0,60.07
1261,27.67,57.57,7.23,10.83,12.17,0.9,47.27
1262,28.07,58.18,7.77,13.73,13.49,1.04,49.18
1263,27.54,57.37,12.54,24.92,17.01,1.46,42.72
1264,21.97,48.58,8.74,21.01,16.43,1.4,64.3
1265,20.65,46.82,7.77,19.97,19.02,1.31,77.91
1266,18.54,43.52,13.21,25.43,16.57,1.52,14.94
1267,19.79,45.45,10.7,20.89,12.95,1.36,12.12
1268,126.77,159.22,8.16,17.89,12.32,1.03,14.98
1269,7.27,26.18,13.59,24.29,11.65,1.2,12.46
1270,28.93,35.45,7.49,16.85,12.18,1.27,13.04
1271,10.45,31.08,9.13,17.8,12.33,1.11,13.13
1272,12.88,34.82,10.14,17.43,12.39,0.94,12.46
1273,22.0,48.86,10.3,19.01,11.57,0.88,12.87
1274,16.65,40.62,9.19,14.95,10.33,1.07,19.65
1275,35.77,53.5,9.1,19.03,10.71,1.28,153.91
1276,17.04,41.22,8.76,19.82,9.88,1.02,162.53
1277,22.865,46.05,8.08,21.83,13.34,1.62,20.06
1278,27.45,46.15,18.89,28.14,15.22,1.92,11.12
1279,11.18,32.18,11.36,23.03,17.08,1.21,10.86
1280,20.94,44.1,10.81,21.81,15.61,1.31,11.92
1281,4.43,21.82,11.92,22.13,15.46,1.2,10.27
1282,2.12,18.27,11.53,24.15,13.54,1.3,12.88
1283,6.32,24.72,12.08,20.71,14.46,1.29,9.32
1284,2.09,18.26,11.19,20.66,14.09,1.19,12.38
1285,3.65,20.61,11.18,20.3,13.4,1.14,10.76
1286,35.01,65.86,10.26,15.46,14.06,1.13,21.06
1287,253.97,105.16,12.02,22.06,13.38,1.07,16.63
1288,48.94,75.3,11.5,22.58,13.63,1.08,10.62
1289,15.35,23.61,12.03,23.37,13.75,1.06,9.4
1290,18.54,28.52,12.31,22.41,13.75,1.17,12.73
1291,43.16,66.79,13.58,24.46,13.95,1.23,9.15
1292,43.9,67.55,11.33,25.48,13.69,1.17,25.66
1293,27.04,41.52,8.28,23.44,13.69,1.04,14.235000000000007
1294,31.46,48.41,9.22,23.02,14.06,1.29,9.69
1295,43.58,67.01,9.37,21.15,13.847499999999997,1.07,9.44
1296,41.02,63.11,7.9,18.85,13.813333333333327,1.26,9.5
1297,23.17,35.64,10.28,30.82,13.874999999999993,1.06,9.77
1298,21.24,32.66,22.99,32.05,14.06,1.2,11.81
1299,18.98,29.26,10.87,29.21,11.616,1.43,10.33
1300,17.2,26.47,10.66,23.0,9.172,1.19,9.07
1301,23.25,35.77,12.8,25.0,6.728000000000001,1.46,10.72
1302,17.06,26.2,11.64,21.41,4.284000000000001,1.62,11.23
1303,21.23,32.67,7.63,17.16,1.84,0.98,11.46
1304,12.13,18.67,5.91,12.09,2.08,1.15,46.17
1305,13.51,20.79,5.63,11.55,2.24,1.07,148.81
1306,10.97,16.87,6.94,14.12,2.31,1.13,54.41750000000001
1307,35.24,54.22,7.97,19.67,2.85,1.16,21.99
1308,37.76,58.1,8.37,19.14,3.1,1.18,16.0
1309,39.61,60.94,9.35,18.94,3.35,1.28,16.07
1310,19.37,29.8,8.05,18.37,3.73,1.22,11.21
1311,17.38,26.75,10.93,13.5,3.69,1.14,11.37
1312,12.65,19.45,20.29,27.8,6.24,1.31,8.76
1313,12.24,18.83,13.48,28.55,7.33,1.25,8.79
1314,5.35,8.23,10.52,23.78,7.23,1.53,8.93
1315,14.62,22.49,9.99,20.07,2.77,1.13,10.31
1316,14.78,22.74,10.59,16.15,3.0,1.23,10.12
1317,14.51,22.32,10.99,15.98,3.38,1.11,9.99
1318,17.07,26.39,12.15,16.82,3.36,1.02,10.65
1319,10.24,15.75,12.04,17.61,4.41,0.97,10.13
1320,10.84,16.68,10.73,14.79,4.6,0.86,10.16
1321,7.5,11.54,9.67,14.61,4.7,1.05,9.82
1322,12.7,19.7,6.2,12.96,4.76,0.93,10.44
1323,5.64,8.67,5.07,12.07,4.14,1.2,11.07
1324,4.51,6.98,12.32,23.78,13.13,1.51,11.77
1325,4.45,6.85,14.33,29.73,16.02,1.3,10.61
1326,7.56,11.63,12.8,28.74,19.1,1.59,11.3
1327,16.54,25.45,12.2,27.26,10.19,1.31,10.96
1328,16.49,25.35,7.33,16.55,2.4,1.07,12.88
1329,3.14,4.82,6.29,15.02,4.29,0.97,12.56
1330,17.25,26.54,29.93,13.58,49.9,1.18,21.65
1331,10.9,16.77,24.45,14.65,38.31,1.24,31.52
1332,14.63,22.34,31.46,13.26,4.61,0.93,29.46
1333,21.41,32.94,31.64,14.35,3.25,1.72,31.2
1334,27.89,42.91,35.42,13.79,1.19,1.43,33.39
1335,21.14,32.96,31.75,15.79,2.18,1.2,31.55
1336,43.15,66.38,29.84,17.82,2.04,1.12,31.43
1337,78.87,84.45,27.35,12.53,1.76,1.42,32.05
1338,205.66,316.41,24.34,12.52,2.48,1.33,34.44
1339,52.0,79.98,25.58,22.36,1.71,2.31,35.81
1340,9.24,14.22,20.5,13.43,1.35,2.02,33.98
1341,17.13,26.34,34.16,18.34,2.06,2.08,37.95
1342,27.82,42.8,20.65,19.53,2.51,2.21,33.76
1343,28.38,43.66,25.93,20.91,2.46,2.44,33.99
1344,33.06,50.8,21.45,16.54,2.08,2.12,31.87
1345,33.23,51.13,31.28,16.69,2.14,2.76,30.5
1346,30.69,47.22,28.74,13.93,2.35,3.0,19.38
1347,44.26,68.1,37.25,20.38,2.73,3.41,23.82
1348,42.24,64.98,31.44,21.75,2.47,2.66,26.48
1349,32.43,49.88,16.42,14.72,2.43,1.78,25.045000000000005
1350,41.62,64.02,17.92,17.08,2.45,3.18,23.226666666666674
1351,44.06,67.79,25.75,18.72,2.45,3.83,25.15000000000001
1352,67.5,103.83,17.48,31.06,1.92,3.53,26.48
1353,72.9,112.15,38.38,13.65,2.27,2.96,27.98
1354,62.56,96.25,27.08,16.15,2.32,2.91,29.48
1355,49.7,76.46,19.2,10.06,2.53,1.8,43.42
1356,34.59,53.34,22.84,7.95,2.42,2.27,38.06
1357,46.1,70.92,25.09,11.19,2.69,1.72,33.63
1358,54.69,84.14,27.79,12.98,2.84,1.82,29.32
1359,61.0,93.84,28.86,10.95,2.23,1.85,39.47
1360,49.3,75.83,34.12,11.69,2.4,1.83,44.07
1361,48.64,74.82,43.77,14.0,2.47,1.79,47.4
1362,42.19,64.91,21.85,11.27,2.62,1.6,41.36
1363,46.08,70.88,25.8,8.85,2.74,1.89,55.3
1364,49.74,76.52,26.82,10.87,2.33,2.76,45.32
1365,64.28,98.89,34.69,12.53,2.49,2.39,48.8
1366,50.46,77.63,41.87,7.88,2.35,2.15,28.52
1367,66.1,101.69,36.42,13.93,2.33,2.27,9.79
1368,39.23,60.34,33.78,16.17,2.54,2.13,9.23
1369,37.85,58.22,35.8,24.01,2.24,2.06,10.77
1370,35.5,54.62,74.6,22.19,2.24,2.19,15.45
1371,62.38,95.97,38.43,22.06,2.08,2.22,23.93
1372,54.38,83.67,33.99,13.66,2.274999999999997,2.52,29.67
1373,77.51,119.25,36.3,11.51,2.186666666666662,2.23,16.56
1374,52.7,81.07,42.63,8.44,3.21,2.36,13.98
1375,54.1,83.24,37.54,12.0,2.22,2.86,10.64
1376,69.19,106.45,36.75,12.35,2.4,2.5,11.39
1377,25.07,38.57,29.52,17.41,2.57,2.51,9.63
1378,34.18,52.43,30.17,19.31,2.34,2.69,8.65
1379,53.56,82.4,23.23,18.79,2.54,1.58,8.81
1380,57.27,88.31,27.19,13.57,2.66,2.09,8.58
1381,39.09,60.15,26.14,13.99,2.48,2.8,10.39
1382,35.98,55.36,20.1,24.6,3.16,1.67,9.44
1383,34.94,53.75,18.44,14.99,2.66,2.58,9.57
1384,26.77,41.19,16.57,14.54,2.53,1.81,10.42
1385,29.58,45.5,20.46,17.38,2.85,2.1,13.19
1386,44.61,68.63,20.7,21.82,2.99,2.49,14.79
1387,53.65,82.54,29.42,17.26,3.22,2.14,15.58
1388,42.19,64.81,47.12,14.77,2.81,2.36,11.12
1389,31.58,48.88,47.47,15.77,2.88,2.73,15.78
1390,90.29,141.33,40.84,14.2,2.67,1.95,17.7
1391,111.59,167.16,58.46,12.48,8.33,1.62,15.61
1392,109.81,168.25,51.14,15.89,39.35,1.73,18.96
1393,147.94,188.78,53.84,20.06,30.93,2.7,24.19
1394,108.93,167.6,65.52,17.57,10.35,3.4,38.05
1395,80.8,124.31,47.04,16.81,9.19,4.3,27.07
1396,41.02,63.11,30.74,15.25,14.13,4.07,11.99
1397,56.14,86.36,35.27,13.63,12.88,3.41,19.96
1398,73.08,112.43,36.17,11.53,12.77,3.3,23.68
1399,71.91,110.63,42.85,10.9,9.98,3.23,23.43
1400,24.22,37.26,37.81,12.09,9.5,3.71,21.55
1401,25.5,39.63,34.7,14.52,9.51,4.11,28.67
1402,26.47,40.72,29.23,13.09,9.71,3.53,11.13
1403,13.15,20.22,27.06,12.58,9.92,3.86,12.25
1404,28.27,43.49,29.13,13.98,10.35,2.66,12.99
1405,75.62,116.04,40.04,10.55,9.44,0.89,12.42
1406,56.41,50.36,37.05,10.34,8.01,0.94,11.08
1407,19.18,29.74,50.35,11.92,8.93,0.98,25.19
1408,15.29,23.54,40.57,13.73,11.46,0.92,38.39
1409,15.68,24.13,46.91,10.85,10.49,0.89,38.8
1410,11.94,18.36,41.79,8.83,11.94,0.82,25.0
1411,2.79,4.29,26.7,9.18,10.61,0.84,10.53
1412,1.93,2.97,24.14,8.15,10.09,0.85,9.71
1413,8.56,13.17,33.04,11.55,12.17,0.99,11.23
1414,12.88,19.93,46.95,10.83,11.0,1.17,13.37
1415,22.25,34.22,51.6,12.02,11.09,1.03,20.49
1416,76.86,118.26,91.99,13.22,12.82,0.96,23.74
1417,96.57,147.58,61.91,11.68,10.43,1.02,43.06
1418,2.17,3.34,62.5,12.33,11.72,0.91,52.76
1419,1.28,1.97,53.39,11.13,10.68,0.88,79.44
1420,32.5,49.46,39.99,10.33,10.63,0.76,64.64
1421,57.17,87.95,29.56,11.48,9.67,0.87,42.41
1422,45.59,70.15,30.6,10.49,11.66,0.82,38.32
1423,75.52,116.13,30.67,12.78,9.51,1.07,36.3
1424,75.67,116.4,31.99,12.34,8.86,1.02,25.92
1425,75.11,115.56,26.02,11.22,14.12,0.92,26.76
1426,88.31,135.87,29.47,10.62,11.32,0.94,29.24
1427,93.63,144.05,45.95,13.02,10.26,0.94,33.13
1428,117.84,181.29,89.83,15.45,12.26,0.96,32.28
1429,113.53,174.66,60.28,21.19,9.88,1.05,35.8
1430,83.41,128.32,32.09,16.89,10.97,0.88,30.31
1431,52.94,81.44,29.19,13.63,9.89,0.83,21.5
1432,41.87,64.42,33.54,11.45,16.69,0.88,23.9
1433,66.23,101.89,34.21,9.58,19.23,0.78,29.56
1434,104.66,160.99,35.74,10.1,19.72,0.86,35.54
1435,141.91,218.33,50.23,13.18,16.35,0.94,36.21
1436,147.21,226.48,60.22,9.56,21.61,0.88,54.17
1437,119.23,183.42,45.94,10.03,20.23,0.8,58.34
1438,65.87,101.33,33.13,9.83,17.51,0.88,26.07
1439,26.38,40.59,21.27,9.49,19.11,0.77,13.79
1440,39.31,60.48,38.11,12.48,16.37,0.96,10.26
1441,35.42,54.49,26.97,11.1,17.78,0.96,13.17
1442,36.4,56.11,32.86,14.42,19.64,0.98,9.5
1443,51.46,79.17,29.36,14.48,16.6,0.97,9.78
1444,68.08,104.75,32.96,13.67,18.52,0.84,9.96
1445,80.19,123.38,34.58,13.15,20.28,0.86,9.91
1446,110.47,169.93,40.42,14.74,20.2,0.92,16.36
1447,85.52,131.57,34.8,15.44,19.44,0.83,28.93
1448,70.12,107.87,38.38,13.63,18.88,0.9,30.41
1449,86.85,133.61,47.34,14.55,20.34,0.89,31.98
1450,87.81,135.09,46.75,13.75,20.95,0.87,31.8
1451,111.47,171.5,55.27,13.78,18.54,0.88,40.63
1452,125.75,193.94,46.41,12.95,19.46,0.92,65.18
1453,119.11,183.24,41.75,12.64,18.25,0.91,64.8
1454,17.91,27.55,25.72,11.55,19.74,0.72,22.45
1455,21.8,33.54,23.99,11.27,18.01,0.78,18.54
1456,36.09,55.52,28.08,12.01,18.33,0.82,19.96
1457,46.22,71.1,29.35,14.32,17.56,0.89,19.91
1458,50.93,78.35,31.61,14.65,19.5,0.9,27.25
1459,55.72,85.72,30.3,11.91,18.2,0.93,25.15
1460,57.9,89.09,29.43,11.76,18.28,0.88,27.22
1461,80.07,123.2,32.64,13.62,20.37,0.96,28.94
1462,65.24,100.36,27.41,11.38,18.66,0.89,24.69
1463,76.82,118.18,31.31,10.92,17.43,0.93,31.4
1464,79.24,122.11,40.63,11.81,19.02,0.78,41.91
1465,67.28,103.5,37.72,8.8,17.34,0.8,71.05
1466,76.7,118.01,47.09,10.85,16.29,0.75,53.64
1467,92.2,141.85,52.02,11.76,23.03,0.84,41.2
1468,127.73,196.39,42.39,10.26,22.01,0.86,45.06
1469,89.28,137.35,45.38,9.6,18.79,1.02,58.29
1470,96.46,148.41,46.74,9.36,18.53,0.93,55.36
1471,90.1,138.35,42.59,8.98,16.41,0.99,61.8
1472,77.58,119.35,35.11,8.66,16.51,1.01,61.97
1473,82.47,126.17,30.84,9.98,19.67,0.91,43.45
1474,127.89,196.58,32.11,10.32,20.64,0.94,40.76
1475,67.59,103.98,24.97,8.77,18.87,0.83,43.05
1476,59.98,92.28,27.54,9.25,19.96,0.87,48.36
1477,55.43,85.27,23.99,7.7,19.39,0.84,44.51
1478,74.09,113.98,29.97,8.68,16.87,0.8,49.78
1479,81.29,125.05,29.89,7.31,17.31,0.95,48.7
1480,96.77,148.86,30.88,7.63,18.01,1.04,41.79
1481,91.53,140.82,28.25,7.9,18.06,0.86,49.8
1482,86.27,132.71,26.76,8.71,17.36,0.84,77.02
1483,74.83,115.13,26.82,8.16,15.96,0.91,45.59
1484,57.91,89.1,23.96,8.66,16.12,0.81,56.85
1485,90.99,139.98,26.7,9.33,18.71,0.93,59.13
1486,117.87,180.99,26.3,9.11,16.78,0.88,60.77
1487,72.07,110.88,26.75,7.26,17.5,0.78,48.47
1488,103.19,158.76,48.8,7.21,17.98,1.01,49.77
1489,92.93,142.98,23.13,7.13,18.38,1.06,56.47
1490,70.51,108.48,22.88,9.32,20.91,1.12,31.6
1491,82.39,126.76,27.27,7.33,16.85,0.82,38.0
1492,82.07,126.26,32.36,6.95,20.49,0.88,29.72
1493,72.68,111.82,40.94,6.85,20.56,0.78,53.78
1494,70.24,108.06,33.02,6.9,20.89,0.77,62.85
1495,88.45,136.07,39.36,7.91,19.39,0.94,65.08
1496,72.18,111.05,32.78,7.14,18.41,0.77,58.68
1497,83.25,128.07,31.69,8.23,18.51,0.99,32.74
1498,70.43,108.34,26.86,7.78,19.21,0.93,28.68
1499,69.38,106.74,28.4,7.34,17.64,1.05,28.29
1500,80.49,123.83,26.45,8.17,19.3,1.17,22.07
1501,73.89,113.8,30.54,7.23,16.31,1.01,28.09
1502,92.06,141.62,37.91,7.16,18.88,1.3,37.18
1503,102.82,158.18,38.29,8.04,17.22,1.41,33.37
1504,104.9,161.39,38.45,7.96,18.55,1.21,33.41
1505,89.92,138.34,32.85,8.77,17.36,1.23,31.84
1506,93.04,143.13,33.4,9.43,15.45,1.28,39.31
1507,97.61,150.17,36.14,9.45,16.35,1.26,30.39
1508,103.02,158.47,27.44,11.02,19.55,0.98,25.27
1509,118.04,181.54,22.02,12.16,18.14,1.05,18.52
1510,79.49,122.3,17.5,10.14,15.13,0.82,18.07
1511,76.92,118.32,23.29,10.71,16.98,0.88,19.55
1512,87.78,132.81,23.79,11.57,21.19,0.86,28.53
1513,88.37,135.95,24.19,10.71,24.7,0.9,32.16
1514,80.82,124.34,23.43,10.58,18.95,0.9,24.97
1515,56.61,87.08,20.97,10.37,17.88,0.93,20.17
1516,66.7,102.61,22.27,10.83,17.73,0.93,30.55
1517,73.33,112.12,21.48,11.02,18.5,1.0,31.14
1518,69.76,107.14,23.29,7.81,19.59,1.07,42.4
1519,70.12,107.88,23.75,7.11,19.67,0.94,49.17
1520,62.91,96.79,26.91,6.66,20.77,0.94,53.91
1521,77.58,119.35,31.43,7.17,20.05,0.98,45.68
1522,89.56,137.79,31.19,8.64,17.54,0.92,39.71
1523,95.08,145.04,28.319999999999997,7.3950000000000005,20.33,1.0,38.01
1524,70.39,108.29,29.84333333333333,7.490000000000001,18.25,0.86,38.44
1525,64.77,99.65,24.0,9.16,22.19,0.84,31.64
1526,66.0,101.54,25.64,8.78,18.57,1.05,35.03
1527,59.3,91.23,27.55,8.34,21.06,1.24,39.62
1528,65.4,100.62,27.3,8.21,20.03,1.31,39.95
1529,67.52,103.87,27.05,7.73,23.54,1.28,41.51
1530,76.73,118.44,30.25,9.5,22.26,1.47,44.35
1531,63.96,98.4,24.74,8.14,17.47,1.29,44.72
1532,58.71,90.31,26.96,8.04,17.41,1.41,36.95
1533,71.97,110.72,28.77,9.11,18.7,1.44,40.06
1534,75.54,116.22,25.58,7.9,19.42,1.56,21.89
1535,38.61,59.39,19.67,8.21,18.83,1.33,14.92
1536,47.26,72.65,14.98,10.94,22.24,1.49,18.23
1537,31.95,49.15,17.95,10.07,21.35,1.43,15.12
1538,30.98,47.65,15.18,11.0,18.77,1.49,14.78
1539,22.22,34.29,16.21,10.97,18.66,1.68,13.37
1540,30.3,46.67,15.78,10.25,19.92,1.37,13.65
1541,23.69,36.45,13.06,7.78,17.47,1.24,13.29
1542,21.71,33.4,13.16,7.84,15.83,1.49,11.91
1543,31.46,48.39,14.9,9.1,18.78,1.34,13.76
1544,20.0,30.77,13.76,8.54,18.55,1.18,11.32
1545,20.83,32.04,12.99,8.75,19.01,1.1,11.19
1546,24.65,37.92,13.12,9.04,20.07,1.18,12.65
1547,28.14,43.38,18.51,12.71,17.6,1.21,12.41
1548,34.36,52.87,14.19,10.49,20.84,1.26,18.26
1549,39.32,85.68,22.74,16.57,12.53,1.59,12.9
1550,31.6175,62.26,48.33,9.24,2.2,2.41,8.44
1551,33.94,43.68,122.4,12.91,1.82,1.79,15.56
1552,36.839999999999996,36.13,41.66,15.54,2.07,1.59,19.43
1553,39.32,45.51,49.04,11.34,2.11,1.48,24.67
1554,33.18,31.82,43.93,7.34,2.03,1.5,21.74
1555,27.04,38.07,32.62,5.83,2.29,2.03,21.37
1556,24.01,36.94,37.37,5.37,2.29,2.22,19.41
1557,20.98,32.28,44.9,4.59,2.08,2.46,16.71
1558,25.53,39.28,74.54,4.4,2.09,3.58,22.1
1559,34.44,52.99,90.02,2.17,2.03,2.79,22.92
1560,43.26,66.55,77.81,5.58,2.58,2.31,23.87
1561,47.84,73.6,82.81,4.99,2.48,1.29,30.39
1562,59.62,91.72,96.83,3.54,1.86,2.13,30.59
1563,85.18,131.06,88.07,0.72,1.9,2.65,27.43
1564,63.2,97.22,86.97,3.86,2.01,2.71,26.96
1565,51.72,79.56,70.76,2.84,1.95,2.46,27.05
1566,55.25,85.0,57.34,3.8,2.07,2.47,34.93
1567,66.68,102.58,72.42,9.83,2.4,2.06,30.78
1568,54.37,83.65,60.4,4.6,2.21,1.95,24.55
1569,49.9,76.77,61.84,4.38,2.31,2.29,25.41
1570,52.99,81.85,61.43,5.57,2.31,2.18,29.56
1571,44.3,68.16,42.01,3.73,2.29,2.18,28.69
1572,40.9,62.92,43.66,8.09,2.0,2.15,23.26
1573,29.73,45.9,40.05,6.15,2.0,2.31,21.2
1574,33.31,51.25,46.79,3.73,2.08,2.21,20.05
1575,30.94,47.61,49.7,6.92,2.28,2.45,15.46
1576,52.31,80.4,60.18,4.79,2.55,2.05,15.78
1577,59.27,91.19,72.65,2.84,2.0,2.52,14.63
1578,39.73,61.12,67.48,4.81,2.0,2.64,14.33
1579,38.99,59.99,52.69,6.4,2.0,2.45,14.23
1580,32.54,50.05,52.53,4.87,2.0,1.78,14.65
1581,22.43,34.51,52.73,39.41,2.0,2.39,14.35
1582,16.0,24.62,51.88,10.93,2.17,3.47,14.22
1583,36.7,56.46,92.51,1.66,2.21,3.51,14.33
1584,35.11,54.01,89.41,2.41,2.69,2.54,16.52
1585,40.67,62.57,72.94,2.38,2.86,3.51,15.66
1586,36.58,56.27,89.7,3.69,2.71,2.59,17.1
1587,41.53,63.9,80.55,3.48,2.43,2.78,19.72
1588,40.07,61.64,71.6,7.0,1.75,2.12,22.43
1589,39.7125,61.095,78.69749999999999,4.1375,2.4374999999999964,2.7499999999999996,19.13
1590,39.39333333333334,60.60333333333333,42.48,18.09,2.296666666666662,2.496666666666666,18.87
1591,40.8,62.769999999999996,55.08,17.45,2.089999999999993,2.4499999999999993,21.54
1592,40.07,61.64,146.53,14.51,1.75,2.12,20.77
1593,49.36666666666667,75.94333333333333,60.53,12.8,1.4833333333333334,2.776666666666667,16.14
1594,58.66333333333333,90.24666666666667,81.2,9.02,1.2166666666666668,3.4333333333333336,17.4
1595,67.96,104.55,71.04,12.95,0.95,4.09,18.72
1596,58.15,89.47,57.85,16.38,2.46,2.36,21.62
1597,61.9,95.24,92.34,15.28,2.61,3.43,18.87
1598,44.05,67.77,19.62,22.24,2.42,4.52,16.84
1599,46.36,71.33,223.42,6.71,2.98,4.3,17.97
1600,45.15,69.75,102.0,10.36,2.12,3.57,18.46
1601,44.06,67.78,81.39,8.48,2.04,3.93,17.65
1602,42.92,66.03,56.49,12.6,2.17,5.29,16.58
1603,44.16,67.94,49.52,14.8,2.38,4.21,19.58
1604,48.39,74.45,75.99,10.36,2.83,3.19,19.13
1605,46.41,71.4,84.3,4.49,2.36,3.61,17.26
1606,49.99,76.91,88.29,23.38,2.71,3.02,20.65
1607,54.44,83.72,154.62,20.11,2.37,2.46,19.59
1608,48.3,74.31,56.74,40.78,2.33,3.88,19.89
1609,64.81,99.71,49.27,30.83,3.12,2.92,19.3
1610,48.76,75.02,52.87,28.95,2.94,3.63,18.27
1611,65.81,101.25,70.0,26.26,2.84,3.02,19.73
1612,49.13,75.58,80.33,26.53,3.07,4.4,17.86
1613,96.06,98.12,74.15,25.36,2.93,3.32,24.12
1614,54.82,84.33,63.92,33.84,2.55,3.1,20.66
1615,83.79,79.17,84.03,20.42,4.43,4.15,17.76
1616,57.17,87.94,77.86,28.1,3.56,2.56,17.65
1617,41.74,64.21,131.84,20.95,4.44,1.26,17.25
1618,61.51,94.62,72.84,34.97,2.85,1.13,24.97
1619,40.62,63.45,74.92,27.35,2.89,1.17,45.65
1620,38.31,58.93,67.98,26.52,2.34,1.55,44.07
1621,36.36,55.94,94.92,24.91,2.79,1.32,41.32
1622,30.63,47.11,67.45,25.28,2.04,1.77,38.93
1623,32.33,49.75,65.51,24.34,2.2,1.55,40.54
1624,36.42,56.03,94.15,24.8,2.28,1.66,38.82
1625,44.51,68.48,83.12,22.04,1.95,1.47,38.54
1626,53.3,82.0,84.41,27.61,2.49,1.55,41.05
1627,46.49,71.51,134.43,27.95,3.17,0.85,38.32
1628,48.56,74.72,71.27,33.06,1.61,1.03,39.52
1629,39.68,61.04,48.67,30.76,2.47,1.83,37.02
1630,29.48,45.35,101.44,16.1,3.29,1.41,37.97
1631,32.01,49.25,76.75,19.63,2.53,1.25,36.91
1632,39.6,60.75,59.96,23.89,2.58,2.23,38.98
1633,55.63,85.59,78.43,19.28,3.08,1.65,37.89
1634,47.09,72.45,69.82,24.56,2.77,1.85,38.28
1635,40.23,61.89,75.97,19.63,3.44,1.46,38.15
1636,53.55,82.38,68.89,24.02,2.9,1.91,40.26
1637,41.54,63.9,61.72,22.54,3.03,1.69,38.22
1638,41.26,63.48,61.29,21.86,2.77,2.2,39.32
1639,31.58,48.58,62.86,22.7,2.89,1.64,38.36
1640,28.3,43.54,103.11,19.87,3.12,1.19,39.08
1641,29.59,45.52,73.9,23.58,2.9,0.99,38.83
1642,38.06,58.72,61.84,24.98,2.84,1.56,38.13
1643,42.12,64.81,55.33,22.24,2.94,0.91,38.36
1644,38.84,59.75,51.32,21.07,3.41,0.73,38.46
1645,37.61,57.87,58.02,19.63,3.11,0.76,38.14
1646,35.29,54.28,73.04,17.54,3.62,0.81,37.83
1647,36.48,56.12,62.84,15.53,3.83,0.7,38.13
1648,43.37,66.72,118.29,16.32,3.26,0.87,38.58
1649,42.04,64.68,72.48,25.79,3.86,0.97,38.49
1650,33.02,50.8,56.21,20.87,3.0,0.84,41.29
1651,30.64,47.13,55.56,19.55,2.98,1.01,39.93
1652,38.92,59.88,61.53,17.76,3.48,1.05,37.66
1653,43.62,67.1,61.31,17.17,3.35,0.98,39.02
1654,36.33,55.89,134.22,22.32,3.46,2.12,39.13
1655,40.33,62.05,102.59,29.21,3.3,1.37,38.68
1656,39.61,60.94,104.54,15.3,3.45,1.04,38.69
1657,42.62,65.42,89.22,24.92,2.89,1.26,38.94
1658,47.99,73.83,96.52,17.56,3.45,1.5,38.82
1659,56.4,86.61,109.64,15.1,3.1,1.87,38.64
1660,51.03,78.51,121.39,21.38,2.32,1.16,38.17
1661,60.45,93.0,114.49,20.15,2.12,1.01,37.38
1662,63.15,97.15,106.45,21.15,1.95,1.19,37.53
1663,48.14,74.06,93.38,21.43,2.04,1.5,37.1
1664,29.87,45.96,58.1,27.25,2.44,1.36,37.5
1665,33.26,51.03,83.64,20.71,2.37,0.98,38.19
1666,25.28,38.92,89.56,23.18,2.49,0.99,36.92
1667,32.22,49.56,75.35,19.79,2.57,0.85,37.05
1668,38.0,58.47,61.92,29.72,2.28,0.89,38.3
1669,50.15,77.16,124.9,18.0,2.98,0.98,36.83
1670,45.24,69.59,84.3,23.6,2.04,1.06,37.66
1671,35.61,54.79,52.85,29.35,2.77,0.93,38.18
1672,35.44,54.53,63.57,27.03,3.26,1.24,38.58
1673,43.29,66.6,84.01,23.4,2.33,1.11,37.32
1674,50.32,77.41,92.71,20.59,2.3,0.85,37.33
1675,56.08,86.28,69.39,27.03,3.36,1.54,37.16
1676,41.96,64.55,52.03,27.93,4.07,2.78,37.597500000000004
1677,43.71,67.25,48.17,22.99,3.4,1.55,38.25
1678,43.36,66.7,21.74,26.96,3.65,1.52,31.63
1679,43.13,66.21,25.39,25.65,4.12,1.93,31.41
1680,45.1,69.39,24.97,15.03,4.57,1.54,30.67
1681,54.24,83.45,31.56,10.69,3.24,2.4,31.72
1682,41.72,64.19,40.07,8.71,3.87,1.78,28.48
1683,43.84,67.44,36.92,9.59,3.41,1.44,29.84
1684,40.65,62.54,39.57,13.99,3.41,2.32,28.8
1685,49.78,76.59,47.73,5.33,3.18,1.75,29.38
1686,29.76,45.95,33.25,7.64,4.35,1.75,28.92
1687,40.19,61.83,26.65,14.32,3.26,2.12,28.6
1688,47.69,73.37,28.9,15.82,3.23,2.04,29.31
1689,42.5,65.38,28.25,15.06,3.45,2.21,28.59
1690,35.58,54.74,43.76,11.01,2.79,3.68,29.75
1691,51.77,79.71,40.61,12.16,4.04,1.76,28.92
1692,38.61,59.41,43.92,13.07,5.38,0.8,29.37
1693,29.54,79.77,37.48,17.36,4.88,1.98,16.2
1694,38.875,92.7,59.95,7.93,6.45,2.32,4.41
1695,39.973333333333336,102.27,61.51,7.51,6.01,1.64,4.3
1696,34.075,107.22,58.07,8.26,4.54,1.11,9.06
1697,29.54,75.05,50.1,9.93,4.23,3.02,14.85
1698,29.884210526315787,68.68,44.24,11.66,4.63,2.03,15.08
1699,30.228421052631578,61.59,77.73,8.78,3.43,2.05,13.89
1700,30.572631578947366,48.13,61.0,10.15,4.68,3.7,15.14
1701,30.916842105263157,33.66,84.61,9.16,4.34,3.95,16.31
1702,31.261052631578945,36.0,90.93,11.6,3.95,2.52,17.09
1703,31.605263157894736,33.0,80.73,10.54,3.47,1.14,14.44
1704,31.949473684210524,60.64,67.14,12.06,3.63,0.79,15.44
1705,32.293684210526315,53.16,75.27,14.1,3.56,0.81,16.08
1706,32.63789473684211,37.05,65.07,10.25,3.67,1.57,14.02
1707,32.98210526315789,51.53,101.38,2.81,4.75,0.71,14.36
1708,33.32631578947368,63.6,99.71,3.26,4.09,0.4,14.27
1709,33.67052631578947,48.62,60.21,8.87,3.51,1.39,14.82
1710,34.014736842105265,45.89,76.59,10.22,3.27,1.72,15.1
1711,34.35894736842105,41.33,58.29,7.2,4.62,1.25,14.11
1712,34.70315789473684,52.97,65.15,10.45,4.42,1.03,14.0
1713,35.04736842105263,51.17,78.82,9.82,4.3,1.14,13.17
1714,35.391578947368416,52.88,57.0,8.63,4.65,0.7,14.09
1715,35.73578947368421,54.06,52.3,10.13,4.53,0.52,14.37
1716,36.08,56.99,65.7,14.25,3.8,1.17,13.43
1717,20.21,49.27,64.12,26.27,3.03,1.73,12.64
1718,28.145,51.39,62.08,24.62,3.91,0.9,13.61
1719,28.145,41.8,54.77,33.01,2.43,3.27,12.1
1720,28.145,29.04,51.42,27.11,3.3,1.65,17.86
1721,20.21,31.14,52.78,27.71,2.88,1.97,10.43
1722,20.995,40.74,62.46,27.11,2.72,1.87,12.76
1723,21.78,47.94,72.87,26.04,2.67,0.63,13.55
1724,22.565,36.11,94.47,17.59,2.72,1.96,12.18
1725,23.35,42.59,49.03,16.62,3.28,0.75,11.73
1726,17.99,45.16,43.82,18.09,2.92,1.23,11.51
1727,10.46,31.39,57.09,13.65,3.0,1.25,11.52
1728,10.43,31.33,76.07,12.84,3.07,1.42,11.23
1729,13.4,36.76,65.01,14.08,3.21,1.32,11.77
1730,13.34,36.66,73.79,10.47,3.14,1.04,11.75
1731,13.8,37.49,76.78,12.57,3.57,0.78,11.25
1732,13.05,36.16,86.58,11.14,3.81,1.56,12.57
1733,12.4,34.93,81.26,19.87,3.05,1.53,14.31
1734,9.25,29.17,83.23,22.96,2.82,1.17,10.99
1735,10.49,31.45,61.91,27.0,2.91,1.12,11.79
1736,14.35,38.51,78.66,27.26,2.77,1.21,12.19
1737,16.01,41.53,72.4,16.07,3.9,0.8,12.13
1738,12.82,35.7,70.8,12.95,4.69,0.82,12.29
1739,14.93,39.56,87.74,14.82,4.45,1.08,12.29
1740,17.53,44.32,54.21,17.24,4.88,1.06,10.39
1741,16.87,43.11,37.91,19.79,2.07,1.61,4.6
