PM2.5,PM10,NO2,NH3,SO2,CO,Ozone
99.25,None,17.1,None,27.88,0.56,52.69
55.64,None,17.21,None,20.45,0.98,38.29
71.49,None,17.81,None,22.31,1.09,34.55
75.06,None,17.67,None,15.82,0.98,32.5
73.29,None,18.42,None,13.92,1.23,38.51
67.1,None,16.79,None,11.69,0.76,35.15
56.17,None,17.27,None,15.21,0.86,23.03
66.49,None,18.43,None,26.92,0.95,27.76
77.11,None,16.32,None,6.89,0.95,38.19
66.07,None,17.49,None,7.45,0.91,28.64
69.68,None,14.84,None,6.62,0.89,44.37
56.74,None,15.37,None,9.81,0.51,36.02
67.76,None,15.5,None,19.12,1.13,24.39
90.77,None,14.89,None,25.57,0.69,45.28
74.87,None,12.81,None,22.91,1.69,43.37
67.88,None,12.79,None,13.77,0.53,21.74
75.51,None,11.99,None,10.5,0.62,43.04
72.68,None,13.77,None,10.41,1,43.59
57.45,None,14.22,None,10.46,0.59,37.83
54.56,None,13.59,None,17.43,1.11,42.35
65.67,None,14.18,None,9.58,0.46,25.01
111.06,None,12.77,None,10.16,0.7,33.65
21.44,None,12.46,None,11.23,0.89,36.53
33.7,None,12.11,None,12.57,0.67,35.95
22.35,None,12.76,None,10.42,0.94,16.64
12.74,None,10.48,None,6.53,0.84,17.12
10.72,None,10.44,None,7.82,0.89,23.56
11.17,None,10.63,None,9.14,0.92,23.38
28.67,None,12.83,None,50.98,0.79,22.4
42.75,None,13.5,None,25.86,0.68,27.97
32.01,None,12.02,None,10.61,0.76,31.52
32.72,None,12.76,None,10.95,0.55,39.56
31.06,None,12.94,None,10.06,0.7,44.37
25.93,None,13.12,None,12.87,0.75,38.78
22.01,None,13.36,None,13.79,0.81,42.2
37.33,None,15.37,None,14.23,0.91,51.54
36.38,None,13.06,None,11.08,0.87,52.95
44.01,None,13.57,None,10.87,1.08,37.75
43.51,None,12.34,None,9.09,1.08,30.59
26.43,None,11.17,None,5.91,0.52,15.96
18.24,None,12.01,None,8.54,0.98,16.51
39.56,None,11.62,None,7.69,0.96,19.45
45.4,None,12.41,None,6.36,0.8,43.11
197.99,None,14.95,None,18.58,0.81,58.02
392.29,None,13.21,None,14.45,0.91,42.26
55.14,None,12.88,None,11.08,1.12,22.86
33.24,None,11.58,None,7.79,0.55,19.58
71.55,None,11.03,None,6.12,0.59,18.2
20.1,None,10.43,None,5.34,0.82,13.38
1.31,None,10.56,None,6.76,0.83,11.09
9.19,None,14.96,None,6.14,0.7,12.73
20.16,None,12.52,None,8.68,1.18,14.99
20.78,None,13.49,None,10.03,1.12,29.49
23.37,None,15.8,None,16.67,0.7,41.1
30.77,None,13.65,None,9.73,0.67,26.1
171.5,None,11.79,None,5.08,1.1,19.57
504.2,None,12.24,None,6.14,0.86,13.05
51.94,None,10.51,None,6.38,0.7,12.58
196.86,None,10.85,None,7.62,0.75,13.79
423.22,None,11.14,None,5.97,1.14,12.14
459.25,None,12.47,None,8.12,0.68,13.72
50.58,None,12.42,None,7.06,0.4,16.05
55.02,None,11.45,None,7.42,0.84,16.56
51.71,None,19.42,None,6.6,0.75,22.12
37.65,None,12.57,None,7.08,0.67,19.04
17.37,None,11.39,None,6.24,0.66,22.71
18.45,None,11.57,None,6.71,0.77,18.89
15.43,None,11.57,None,7.45,0.97,29.81
13.18,None,9.44,None,5.18,0.44,13.75
14.84,None,11.35,None,7.91,0.74,11.85
27.36,None,11.13,None,7.79,0.75,24.59
34.72,None,10.28,None,8.28,1.19,19.08
39.96,None,10.33,None,7.46,0.54,27.45
45.59,None,9.68,None,6.74,0.86,28.7
48.3,None,16.17,None,7.53,0.72,22.39
48.92,None,9.53,None,9.18,0.98,29.08
35.56,None,9.48,None,6.8,0.66,21.24
31.96,None,10.1,None,5.93,0.9,15.68
39.48,None,19.24,None,6.46,0.51,16.67
25.09,None,9.05,None,6.2,0.39,21.7
15.08,None,9.78,None,4.91,1.01,17.65
13.48,None,17.36,None,4.64,0.67,17.67
12.8,None,14.17,None,4.46,0.92,16.03
15.24,None,16.15,None,4.55,0.75,11.92
17.18,None,17.65,None,4.96,1.08,13.43
19.07,None,9.82,None,5.15,1.21,17.14
21.63,None,19.82,None,4.38,0.53,24.12
18.47,None,15.1,None,5.84,1.01,23.84
15.35,None,19.94,None,4.16,0.67,29.6
43.1,None,11.76,None,4.6,1.59,29.25
13.96,None,10.18,None,4.44,0.83,22.02
15.05,None,10.22,None,4.08,0.8,25.76
12.7,None,10.12,None,4.65,0.91,13.26
12.69,None,10.09,None,4.69,0.94,10.22
14.16,None,10,None,4.48,1.2,8.75
13.09,None,10.11,None,4.56,1.22,10.42
9.36,None,9.87,None,4.1,1,12.11
71.57,None,13.41,None,5.5,1.09,10.13
9.01,None,22.02,None,4.47,0.9,11.33
75.96,None,21.98,None,4.61,1.14,10.28
25.89,None,21.54,None,5.73,1.19,11.61
21.3,None,22.29,None,4.68,1.1,11.77
19.82,None,21.67,None,4.5,1.07,25.69
18.8,None,20.75,None,5.73,1.15,11.53
17.59,None,13.79,None,4.31,1.39,16.65
8.42,None,8.39,None,5.4,1.33,12.68
7.9,None,3.8,None,3.92,1.08,16.79
6.71,None,5.12,None,3.67,0.76,16.38
4.75,None,5,None,4.76,0.93,13.53
4.75,None,5.18,None,4.73,1.33,16.63
20.87,None,5.35,None,4.79,1.08,29.55
31.23,None,4.83,None,5.66,1.44,18.77
45.56,None,4.04,None,6.09,1.04,13.1
45.77,None,4.44,None,5.27,1.29,14.34
45.42,None,4.32,None,4.71,1.14,17.91
45.97,None,4.41,None,5.46,0.87,16.23
45.75,None,4.87,None,4.96,0.98,11
45.97,None,4.55,None,4.07,1.19,14.39
46.21,None,3.67,None,5.56,1.45,14.68
45.29,None,3.86,None,5.3,1.24,21.41
46.23,None,6.54,None,6.35,1.2,23.93
46.16,None,9.49,None,5.22,1.03,21.32
45.53,None,9.64,None,4.28,1.21,19.83
46.29,None,10.21,None,4.09,0.9,25.07
46.1,None,10.57,None,4.09,1.22,23.13
45.87,None,9.46,None,4.24,1.31,17.41
46.36,None,10.43,None,4.58,1.13,12.41
54.51,None,None,None,5.55,0.97,30.65
None,None,None,None,None,None,None
None,None,None,None,None,None,None
None,None,None,None,None,None,None
None,None,None,None,None,None,None
None,None,None,None,None,None,None
32.76,None,22.35,None,7.04,0.82,63.82
24.93,None,14.47,None,5.07,0.71,45.71
21.8,None,15.14,None,5.03,1.31,46.91
23.2,None,14.31,None,4.94,1.62,51.96
28.34,None,14.16,None,4.95,0.66,46.82
23.53,None,15.32,None,4.55,0.83,43.4
14.59,None,14.92,None,5.58,0.93,38.78
15.1,None,14.12,None,5.88,1.22,42.63
15.13,None,14.87,None,4.65,1.46,38.96
18.3,None,14.55,None,4.13,1.15,48.16
22.39,None,13.8,None,5.01,1.21,44.77
21.14,None,14.28,None,3.25,0.76,63.32
23.64,None,13.56,None,5.84,1.22,69.47
22.53,None,13.62,None,5.09,1.32,53.84
94.69,None,13.43,None,7.92,1.55,53.5
27.56,None,14,None,5.25,1.73,49.23
32.73,None,14.71,None,5.42,1.06,74.24
25.06,None,14.59,None,6.47,1.59,70.14
20.22,None,14.03,None,5.07,1.01,59.48
19.05,None,13,None,5.03,0.83,70.92
63.53,None,12.32,None,5.47,2.6,48.43
65.08,None,13.09,None,3.87,1.46,59.14
40.27,None,17.24,None,5.07,1.04,66.46
11.86,None,19.07,None,3.97,1.1,28.22
None,None,21.69,None,4.95,1.36,50.94
None,None,22.18,None,4.12,1.26,57.88
None,None,15.96,None,4.18,1.4,62.15
None,None,21.81,None,4.53,1.59,42.36
None,None,19.47,None,5.31,1.48,46.76
None,None,23.33,None,5.68,0.79,47.4
None,None,21.91,None,4.78,0.87,40.29
None,None,25.71,None,4.18,0.8,41.51
None,None,22.02,None,3.37,0.77,45.31
None,None,19.99,None,3.55,0.61,54.99
None,None,22.35,None,4.07,0.73,30.22
None,None,20.86,None,3.86,0.84,58.38
None,None,21.65,None,3.99,0.82,49.22
32.25,None,27.42,None,9.96,1.05,30.99
36.13,None,21.9,None,5.99,0.78,24.26
25.32,None,13.66,None,4.62,0.55,36.23
25.51,None,15.07,None,3.61,0.91,44.16
17.33,None,15.44,None,4.09,1.14,39.48
21.31,None,16.2,None,4.94,1.04,52.13
28.68,None,13,None,5.44,0.65,25.94
26.47,None,15.21,None,3.97,0.86,11.39
30.78,None,14.71,None,4.3,0.56,10.18
12.41,None,20.24,None,3.72,0.61,21.04
0.88,None,16.8,None,4.28,0.41,21.91
15.01,None,13.37,None,5.72,0.55,52.92
24.62,None,15.41,None,3.81,0.53,50.67
25.32,None,15.51,None,4.05,0.68,None
38.36,None,14.96,None,3.16,0.71,None
24.66,None,15.02,None,3.06,0.77,9.12
31.38,None,14.71,None,2.26,0.56,15.56
38.09,None,14.19,None,3.74,0.49,23.52
69.36,None,14.84,None,3.93,0.74,24.1
42.53,None,14.73,None,3.73,0.75,23.23
18.82,None,14.41,None,2.92,0.86,18.54
23.59,None,16.63,None,4.47,0.82,19.22
36.7,None,14.26,None,2.89,1.23,16.45
34.37,None,13.18,None,3.96,0.93,17.99
42.28,None,12.43,None,3.33,0.56,21
55.24,None,12.7,None,4.69,0.92,25.68
28.71,None,16.37,None,4.98,0.97,22.48
31.27,None,14.95,None,5.19,0.56,16.46
40.63,None,15.14,None,3.57,0.5,28.84
18.07,None,13.91,None,4.38,0.36,19.72
20.65,None,13.47,None,3.32,1.42,27.34
19.75,None,11.17,None,3.57,0.45,19.01
24.62,None,14.33,None,4.57,0.55,8.02
40.04,None,14.22,None,3.51,0.65,18.2
22.62,None,12.05,None,5.1,0.59,26.64
79.75,None,13.06,None,6.14,0.82,23.07
17.86,None,20.8,None,6.02,0.71,18.34
20.52,None,18.44,None,4.78,0.74,25.25
25.61,None,20.08,None,4.1,0.68,47.76
21.49,None,15.03,None,7.54,0.53,26.44
29.19,None,16.06,None,6.1,0.63,24.76
28.06,None,15.79,None,4.27,0.86,29.52
28.4,None,14.16,None,4.83,0.72,30.95
31.66,None,16.55,None,5.92,0.8,10.14
26.53,None,14.67,None,4.52,0.53,9.67
18.72,None,13.35,None,4.13,0.58,None
21.52,None,15.38,None,4.87,0.58,15.56
22.53,None,18.08,None,4.58,0.51,10.85
16.8,None,13.8,None,3.08,0.54,14.96
21.18,None,16,None,4.81,1.24,17.71
22.2,None,16,None,4.07,0.58,18.74
21.65,None,14.49,None,4.9,0.59,25.7
19.03,None,13.69,None,4.18,0.57,26.71
21.66,None,14.79,None,5.48,0.6,23.96
24.96,None,11.56,None,9.54,1.34,20.08
24.44,None,12.37,None,9.28,1.27,22.69
15.43,None,22.46,None,9.96,0.86,22.13
21.7,None,12.62,None,12.04,0.87,23.65
14.83,None,11.74,None,7.83,0.9,8.13
11.45,None,11.25,None,4.05,0.29,12.38
18.14,None,14.62,None,5.12,0.63,18.16
21.69,None,13.06,None,12.66,0.63,15.89
34.46,None,13.55,None,53.94,0.47,10.13
37.28,None,13.04,None,4,0.35,9.98
32.76,None,13.17,None,8.85,0.56,11.44
24.81,None,14.14,None,5.66,0.57,13.93
37.01,None,13.23,None,4.69,0.51,13.63
24.3,None,22.22,None,5.48,0.53,18.85
29.08,None,24.7,None,4.97,0.39,21.49
32.98,None,14.75,None,5.6,0.48,20.46
34.56,None,13.43,None,5.76,0.54,15.9
28.77,None,15.24,None,6.55,0.58,13.67
38.04,None,16,None,4.71,0.56,12.51
37.64,None,14.87,None,4.25,0.56,9.53
27.45,None,10.54,None,4.98,0.61,13.79
23.83,None,15.02,None,4.23,0.57,7.96
29.06,None,13.68,None,4.79,0.48,9.78
27.05,None,13.93,None,8.34,0.54,10.31
31.88,None,18.81,None,5.51,1.73,12.27
40.91,None,8.42,None,5.81,1.86,12.59
29.53,None,8.98,None,6.28,1.41,12.04
34.83,None,8.85,None,5.2,1.39,11.01
43.07,None,8.5,None,5.51,1.69,20.55
27.74,None,8.63,None,4.92,1.74,16.69
25.2,None,8.68,None,5.54,2,15.39
27.29,None,8.72,None,4.87,1.09,19.77
30.44,None,8.59,None,5.22,0.56,19.5
24.99,None,8.29,None,5.2,0.73,17.79
26.39,None,8.37,None,5.9,1.59,14.49
21.06,None,8.43,None,5.45,1.86,16.83
26.92,None,8.5,None,6.05,1.9,18.92
25.96,None,9.03,None,8.45,2.31,18.11
34.84,None,7.71,None,4.68,2.15,13.01
46.13,None,13.19,None,3.91,1.76,16.21
56.93,None,13.57,None,5.41,1.61,14.53
55.14,None,12.14,None,3.48,0.72,26.33
33.5,None,11.63,None,5.03,1.3,24.75
19.22,None,10.3,None,5.34,1.2,11.56
19.9,None,10.67,None,5.32,1.54,13.56
19.81,None,12.68,None,6.2,1.45,9.75
30.87,None,12.19,None,6.27,1.23,10.64
34.78,None,12.1,None,5.77,1.11,11.89
24.49,None,11.01,None,5.67,1.1,19.37
39.94,None,17.66,None,5.77,1.21,20.37
40.93,None,25.34,None,6.67,1.34,21.54
26.38,None,28.1,None,7.74,1.29,11.94
30.74,None,23.53,None,3.28,1.35,13
98.81,None,22.25,None,2.98,1.04,17.78
23.88,None,22.05,None,2.72,0.97,11.45
24.9,None,21.4,None,4.33,0.94,20.03
25.81,None,21.61,None,6.17,1.2,23.75
24.68,None,23.53,None,5.93,1.53,15.93
22.49,None,22.83,None,6.63,1.45,11.15
22.68,None,21.78,None,5.22,1.42,9.55
21.62,None,21.88,None,6.15,1.26,8.04
21.61,None,21.2,None,5.11,0.99,12.66
21.53,None,21.15,None,5.76,0.89,10.66
21.91,None,23.37,None,7.69,1.05,15.59
24.11,None,23.83,None,6.56,0.82,10.1
60.23,None,26.62,None,10.99,1.12,9.91
54.36,None,25.16,None,5.62,1.1,18.3
62.22,None,25.31,None,5.86,0.86,11.74
61.11,None,25.19,None,5.49,1.08,11.59
50.26,None,25.41,None,8.69,1.12,8.41
40.26,None,25.92,None,5.75,1.05,11.63
67.21,None,23.48,None,5.55,0.88,20.01
56.2,None,23.44,None,19.75,1.46,16.11
50.15,None,24.08,None,16.22,0.79,13.06
118.02,None,24.3,None,15.08,0.88,9.05
146.26,None,28.63,None,18.15,1.09,10.28
72.66,None,22.29,None,18.39,1.09,10.41
28.89,None,26.27,None,9.94,1.02,17.94
14.86,None,25.07,None,5.15,1.14,9.14
37.9,None,24.63,None,7.58,1.25,9.27
32.42,None,25.06,None,8.15,1.13,12.43
44.73,None,22.38,None,7.34,1.29,15.55
73.61,None,26.28,None,8.36,1.05,11.56
112.56,None,28.92,None,7.2,1.25,23.01
102.9,None,30.31,None,4.71,1.21,33.23
100.91,None,21.94,None,5.55,1.58,33.31
119.88,None,14.87,None,5.43,1.53,32
122.65,None,16.72,None,5.39,1.25,37.95
101,None,13.15,None,4.58,1.22,35.25
103.12,None,11.85,None,5.84,1.22,26.34
60.51,None,14.96,None,9.73,1.09,25.3
36.49,None,19.24,None,3.86,0.82,15.75
38.3,None,16.19,None,7.36,0.76,15.45
24.52,None,7.36,None,6.88,0.73,12.84
24.33,None,8.95,None,10.24,0.69,5.77
55.55,None,11.5,None,7.15,0.82,12.98
63.17,None,12.82,None,8.96,0.67,21.37
32.68,None,7.79,None,4.06,0.62,7.8
38.48,None,7.77,None,2.96,0.84,14.59
24.66,None,8.15,None,6.81,0.74,15.23
21.94,None,7.86,None,13.19,0.82,18.89
33.85,None,10.07,None,13.1,0.66,17.24
67.98,None,23.52,None,15.44,0.72,12.72
73.87,None,12.91,None,9.28,0.67,28.16
50.49,None,13.01,None,3.81,0.7,17.45
56.35,None,13.22,None,15.47,0.65,23.6
30.16,None,11.61,None,12.2,0.58,24.26
51.52,None,9.76,None,8.95,0.62,14.95
15.51,None,11.03,None,11.4,0.6,12.53
15.61,None,11.07,None,9.85,0.46,15.16
42.54,None,9.89,None,5.43,0.49,6.78
45.7,None,10.44,None,4.57,0.63,7.31
24.51,None,13.55,None,3.39,0.49,13.27
5.9,None,14.38,None,3.02,0.46,31.04
62.99,None,14.19,None,8.42,0.46,42.55
36.17,None,15.62,None,4.09,0.59,39.79
33.64,None,23.98,None,3.36,0.66,16.46
31.15,None,22.79,None,3.96,0.57,21.43
18.01,None,24.01,None,6.22,0.56,20.93
37.04,None,22.56,None,4.21,0.52,15.05
43.31,None,24.84,None,3.79,0.54,14.34
26.81,None,22.67,None,3.25,0.44,20.53
38.86,None,26.41,None,4.28,0.72,12.18
43.56,None,28.69,None,4.26,0.83,9.1
39.38,None,22.86,None,7.46,0.7,17.07
34.59,None,21.43,None,9.84,0.6,15.95
44.05,None,22.94,None,8.41,0.49,24.5
62.33,None,26.4,None,8.65,0.47,20.06
46.61,None,29.29,None,7.95,0.43,27.05
61.21,None,26.09,None,4.93,0.52,33.2
76.85,None,26.84,None,3.8,0.59,29.29
50.33,None,23.99,None,7.41,0.63,33.7
56.23,None,28.61,None,3.05,0.64,25.08
52.34,None,25.83,None,5.72,0.7,21.75
38.79,None,23.56,None,4.74,0.57,27.62
57,None,22.97,None,6.48,0.57,17.97
37.1,None,17.39,None,6.18,0.66,18.55
40.65,None,24.61,None,4.19,0.76,24.64
65.57,None,18.82,None,5.16,0.53,27.39
45.1,None,19.81,None,4.14,0.6,31.19
43.9,None,19.34,None,4.77,0.42,43.97
29.55,None,17.41,None,3.74,0.52,19.19
39.04,None,15.83,None,4.87,0.54,13.81
46.23,None,16.22,None,5.92,0.83,24.96
35.73,None,11.56,None,6.32,0.56,30.67
41.68,None,12.93,None,8.93,0.38,39.27
24.21,None,14.66,None,7.23,0.59,20.44
28.29,None,16.8,None,5.73,0.44,21.86
39.67,None,29.01,None,6.66,0.45,20.19
39.36,None,24.78,None,3.91,0.62,18.27
43.4,None,24.33,None,5.06,0.51,21.24
18.35,None,23.92,None,3.84,0.55,23.02
52.92,None,24.97,None,7.8,0.56,25.13
62.54,None,24.73,None,11.26,0.62,29.91
114.04,None,28.18,None,11.03,0.72,29.11
36.4,None,18.36,None,4.02,0.46,28.69
26.45,None,19.99,None,4.9,0.44,27.56
28.49,None,14.18,None,3.95,0.46,17.62
24.73,None,10.74,None,3.96,0.6,23.83
22.92,None,18.86,None,3.83,0.56,17.05
35.1,None,15.55,None,4.38,0.59,18.02
40.88,None,21.06,None,3.92,0.55,27.55
48.57,None,26.47,None,2.11,0.54,29.56
62.17,None,24.76,None,1.63,0.58,26.13
56.81,None,28.35,None,3.54,0.86,28.63
54.07,None,26.51,None,3.49,0.71,27.69
48.53,None,21.88,None,5.02,0.61,30.18
51.08,None,24.31,None,4.26,0.73,27.65
54.02,None,23.24,None,5.16,0.71,29.97
43.21,None,21.34,None,3.4,0.59,14.42
41.29,None,21.8,None,3.35,0.51,18.15
43.39,None,18.35,None,4.64,0.57,45.7
42.71,None,19.75,None,4.31,0.42,33.67
36.07,None,24.69,None,4.55,0.5,21.93
32.92,None,22.64,None,4.19,0.63,18.54
37.04,None,13.68,None,3.23,0.6,32.77
38.26,None,25.42,None,3.82,0.66,40.38
44.55,None,19.86,None,3.28,0.6,45.27
38.85,None,17.82,None,3.31,0.52,25.39
33.75,None,15.59,None,3.58,0.49,29.09
35.21,None,11.4,None,3.69,0.35,30.59
39.03,None,11.87,None,5.08,0.5,27.34
38.65,None,18.36,None,5.26,0.52,None
37.56,None,22.95,None,6.67,0.56,4.96
46.15,None,25.22,None,6.28,0.53,11.39
74.77,None,27.03,None,5.44,0.65,34.28
66.12,None,26.05,None,5.91,0.66,28.4
46.6,None,21.44,None,5.77,0.49,29.01
34.76,None,20.69,None,5.02,0.59,17.09
53.54,None,25.57,None,5.28,0.86,16.17
47.15,None,21.74,None,5.3,0.65,26.89
33.89,None,26.15,None,5.02,0.45,31.39
46.3,None,24.05,None,6.29,0.48,15.19
34.02,None,13.52,None,5.13,0.41,18.12
31.21,None,13.6,None,4.31,0.41,29.03
42.55,None,16.39,None,6.24,0.64,23.59
45.34,None,19.3,None,9.87,0.76,30.96
40.38,None,8.97,None,3.4,0.58,30.51
40.24,None,12.94,None,4.4,0.63,17.67
35.83,None,16.63,None,6.12,0.42,26.06
46.47,None,22.64,None,18.43,0.65,28.71
36.92,None,13.61,None,4.55,0.7,49.27
41.66,None,16.12,None,7.49,0.71,13.54
47.4,None,14.74,None,5.91,0.48,37.12
44.11,None,19.35,None,5.04,0.32,24.51
44.53,None,17.61,None,3.89,0.38,13.73
25.62,None,6.81,None,6.68,0.5,16.76
21.94,None,10.91,None,4.43,0.54,34.69
15.7,None,6.25,None,2.78,0.39,14.19
25,None,10.68,None,3.67,0.75,14
23.42,None,14.93,None,4.03,0.54,36.04
18.67,None,2.4,None,8.53,0.51,18.23
23.98,None,1.81,None,4.65,0.65,16.18
34.27,None,27.61,None,5.03,0.71,18.98
33.78,None,23.07,None,5.72,0.65,20.01
44.44,None,16.14,None,6.52,0.7,20.96
30.05,None,13.08,None,5.01,0.76,11.97
33.04,None,9.74,None,4.75,0.8,18.6
31.67,None,6.67,None,4.64,0.95,18.71
34.87,None,7.58,None,4.21,0.93,15.36
31.11,None,7.38,None,3.81,0.77,13.61
27.67,None,7.85,None,4.11,0.69,29.13
27.65,None,3.28,None,2.07,0.6,22.06
30.79,None,9.31,None,4.42,0.7,19.26
22.15,None,13.81,None,4.89,0.6,8.46
15.7,None,10.35,None,1.35,0.29,11.52
32.29,None,21.45,None,2.09,0.49,10.91
21.11,None,10.39,None,3.36,0.38,12.18
28.16,None,10.61,None,3.17,0.42,11.83
21.96,None,7.06,None,6.92,0.36,17.43
22.58,None,8.25,None,1.64,0.39,13.13
24.94,None,7.48,None,4.93,0.47,13.05
24.1,None,10.28,None,3.94,0.49,13.42
26.34,None,8.64,None,2.34,0.44,13.85
26.49,None,6.36,None,3.37,0.43,12.93
23.83,None,7.01,None,2.58,0.36,11.17
17.38,None,10.05,None,5.2,0.38,13.27
13.64,None,14.75,None,3.81,0.37,11.58
9.3,None,15.88,None,4.68,0.39,13.25
10.25,None,11.29,None,4.1,0.41,12.19
14.2,None,17.31,None,5.26,0.35,11.95
63.22,None,19.73,None,5.97,0.46,12.94
17.33,None,22.41,None,3.9,0.46,13.82
13.42,None,18.81,None,2.57,0.4,12.67
16.39,None,21.57,None,4.35,0.45,16.01
14.78,None,20.85,None,1.41,0.36,16.34
14.29,None,17.97,None,5.85,0.43,16.1
45,None,16.42,None,4.95,0.47,19.76
9.21,None,0.45,None,3.18,0.36,13.49
7.89,None,3.67,None,3.56,0.4,12.82
7.22,None,0.68,None,3.02,0.32,12.07
8.43,None,0.8,None,5.15,0.35,13.96
8.56,None,3.04,None,3.7,0.46,16.1
9.93,None,7.29,None,4.65,0.35,13.42
7.58,None,6.12,None,2.65,0.47,13.44
6.33,None,5.75,None,3.1,0.46,14.03
10.21,None,8.65,None,7.6,0.32,14.89
9.55,None,21.53,None,8.58,0.48,15.69
9.93,None,3.24,None,2.01,0.34,12.26
5.49,None,3.15,None,4.66,0.31,14.48
9.86,None,3.98,None,3.86,0.37,20.42
1.44,None,6.51,None,2.93,0.39,21.91
10.7,None,6.44,None,2.79,0.38,21.09
12.05,None,4.27,None,2.59,0.44,22.43
12.88,None,3.94,None,3.88,0.45,20.68
4.89,None,3.57,None,4.94,0.4,16.86
57.75,None,3.28,None,2.42,0.47,20.04
11.06,None,4.08,None,3.09,0.43,28.48
13.77,None,3.78,None,2.49,0.53,28.41
10.66,None,3.87,None,3.79,0.42,29.03
8.78,None,3.44,None,2.25,0.42,15.99
7.06,None,7.17,None,4.52,0.39,16.14
7.61,None,8.66,None,4.75,0.46,19.28
7.59,None,6.45,None,5.56,0.45,19.13
43.97,None,4.58,None,3.98,0.43,19.4
3.59,None,6.22,None,3.96,0.43,23.51
11.76,None,8.96,None,3.16,0.51,20.38
25.16,None,5.09,None,4.8,0.47,24.42
3.96,None,5.59,None,2.82,0.39,19.86
7.93,None,7.68,None,3.32,0.57,17.78
25.62,None,4.34,None,5.6,0.57,24.54
27.81,None,7.67,None,3.17,0.46,23.2
17.82,None,4.75,None,4.74,0.5,45.37
13.09,None,3.42,None,3.15,0.48,33.07
16.45,None,6.28,None,3.78,0.44,15.84
15.96,None,11.61,None,3.34,0.42,20.53
12.59,None,9.41,None,4.35,0.48,18.86
18.61,None,4.84,None,3.9,0.39,10.66
13.84,None,5.3,None,3.53,0.47,16.03
23.13,None,7.02,None,2.47,0.36,14.58
41.11,None,11.96,None,3.9,0.57,26.26
21.95,None,5.45,None,2.83,0.56,38.01
13.35,None,4.58,None,2.54,0.46,28.59
72.35,None,6.01,None,4.35,0.56,6.34
11.25,None,6.63,None,5.25,0.56,21.1
16.14,None,5.19,None,2.13,0.41,38.02
10.31,None,5.44,None,2.64,0.48,63.78
12.35,None,6.31,None,2.58,0.46,34.6
90.76,None,5.43,None,3.34,0.55,4.51
15.42,None,5.95,None,3.9,0.48,14.65
24,None,4.85,None,5.33,0.44,16.9
18.71,None,8.06,None,4.29,0.49,38.18
18.74,None,9.04,None,3.29,0.65,41
24.42,None,0.87,None,3.52,0.63,72.87
353.2,None,2.9,None,6.74,0.5,42.9
16.84,None,1.99,None,4.07,0.51,31.33
17.2,None,22.21,None,1.37,0.4,33.65
18.79,None,7.86,None,9.09,0.48,28.22
22.17,None,5.42,None,3.97,0.52,34.19
35.55,None,8.79,None,4.37,0.47,28.08
15.99,None,11.46,None,4.64,0.57,76.03
17.48,None,2.46,None,2.38,0.43,60.62
275.82,None,3.14,None,3.58,0.45,77.18
18.5,None,2.08,None,3.65,0.45,53.87
17.65,None,2.29,None,4.09,0.39,78.81
10.2,None,14.45,None,7,0.43,76.05
37.32,None,0.69,None,4.1,0.46,71.71
19.27,None,0.91,None,3.28,0.44,60.76
16.12,None,2.72,None,3.27,0.43,54.93
33.57,None,5.12,None,2.79,0.43,56.92
14.11,None,3.11,None,2.07,0.41,91.72
13.94,None,2.72,None,4.4,0.38,58.13
13.69,None,11.51,None,3.91,0.43,77.78
15.76,None,16.5,None,8.83,0.37,51.65
20.89,None,26.41,None,7.61,0.51,65
6.76,None,13.21,None,2.66,0.42,70.24
8.83,None,8.06,None,2.87,0.49,77.91
15.04,None,5.08,None,3.43,0.46,62.46
17.74,None,15.73,None,3.21,0.59,77.4
16.02,None,12.04,None,2.73,0.57,61.82
19.94,None,8.08,None,4.14,0.44,33.99
13.03,None,9.61,None,3.08,0.46,34.01
16.9,None,11.21,None,3.21,0.55,24.97
14.63,None,7.62,None,3.88,0.5,28.91
11.96,None,7.46,None,2.52,0.32,28.47
10.13,None,8.79,None,3.61,0.53,29.33
24.17,None,15.35,None,3.08,0.55,34.27
25.88,None,8.98,None,3.19,0.52,34.91
24.07,None,10.39,None,2.83,0.65,23.34
36.78,None,17.36,None,6.21,0.51,35.79
26.98,None,7.45,None,2.82,0.44,24.44
19.84,None,2.27,None,2.52,0.31,17.98
39.97,None,2.31,None,3.13,0.31,23.09
42.4,None,14.73,None,4.02,0.3,20.67
38.85,None,8.71,None,2.64,0.4,24.64
42.68,None,7.98,None,3.8,0.27,38.79
57.05,None,6.47,None,6.52,0.42,26.9
60.04,None,8.87,None,2.57,0.38,21.83
49.11,None,7.75,None,2.23,0.32,14.89
41.2,None,11.36,None,3.36,0.39,17.46
29.63,None,19.67,None,4.82,0.55,14.71
19.23,None,11.41,None,6.33,0.37,10.84
29.71,None,7.02,None,4.06,0.38,20.87
14.08,None,9.76,None,5.48,0.36,20.79
11.66,None,9.63,None,2.05,0.35,18.64
20.09,None,8.37,None,2.55,0.34,27.96
11.47,None,10.08,None,5.91,0.38,10.87
51.88,None,15.92,None,5.44,0.8,14.19
12.3,None,10.59,None,2.31,0.51,16.24
23.86,None,8.49,None,5.17,0.38,21.67
13.49,None,9.32,None,3.71,0.42,15.6
100.74,None,9.91,None,3.76,0.53,17.54
24.96,None,9.4,None,2.92,0.27,6.65
25.34,None,9.08,None,2.58,0.51,18.61
27.08,None,7.52,None,3.82,0.41,19.18
26.84,None,8.27,None,3.13,0.52,18.01
23.71,None,9.41,None,1.88,0.51,18.21
18.93,None,8.51,None,2.04,0.57,15.92
15.7,None,8.11,None,2.7,0.5,15.92
22.21,None,5.57,None,1.86,0.27,22.15
22.45,None,9.54,None,1.98,0.42,22.22
30.56,None,8.7,None,2.14,0.52,16.86
26.15,None,9.23,None,4.14,0.42,31.4
32.28,None,12.12,None,6.04,0.52,16.76
26.91,None,9.19,None,3.32,0.43,22.79
28.89,None,8.79,None,3.77,0.32,14.73
30.24,None,8.69,None,2.82,0.29,14.81
27.38,None,9.31,None,2.83,0.36,18.39
28.21,None,11.77,None,3.69,0.42,15.15
22.69,None,9.65,None,4.41,0.47,20.95
26.17,None,9.15,None,5.96,0.43,26
28.15,None,9.32,None,4.36,0.43,15.45
28.76,None,6.11,None,4.35,0.48,16.3
27.12,None,6.85,None,3.61,0.3,7.96
20.91,None,6.91,None,3.5,0.47,6.1
37.98,None,14.45,None,4.6,0.72,21.91
58.97,None,8.14,None,5.26,0.42,19.35
25.1,None,4.23,None,4.93,0.42,15.67
21.76,None,4.11,None,2.46,0.42,17.22
46.91,None,3.68,None,2.85,0.35,13.12
32.38,None,3.73,None,3.87,0.35,32.27
45.31,None,4.04,None,6.64,0.43,29.11
39.56,None,4.23,None,5.86,0.47,37.42
52.91,None,3.68,None,3.41,0.39,36.78
39.5,None,5.62,None,4.49,0.31,13.14
68.69,None,4.62,None,4.31,0.39,16.87
23.85,None,3.19,None,3.22,0.28,13.76
17.24,None,6.37,None,2.67,0.21,8.35
17.31,None,1.99,None,3.31,0.29,12.7
28.02,None,8.53,None,3.47,0.33,10.67
24.78,None,10.96,None,3.45,0.34,11.94
35.96,None,13.53,None,3.68,0.36,13.58
36.16,None,11.28,None,3.47,0.35,12.61
22.31,None,11.33,None,4.11,0.32,10.39
29.61,None,10.41,None,3.15,0.21,10.79
33.45,None,11.09,None,3.94,0.31,11.1
29.1,None,12.69,None,4.66,0.14,5.15
34.35,None,14.63,None,4.8,0.19,13.06
36.2,None,12.17,None,3.24,0.18,13.05
37.03,None,15.51,None,4.41,0.2,12.07
33.65,None,13.27,None,3.42,0.25,12.77
16.44,None,9.65,None,3.35,0.22,12.03
70.48,None,11.77,None,3.7,0.23,10.24
113.83,None,12.65,None,5.74,0.19,13.79
9.26,None,8.76,None,21.47,0.19,13.39
18.17,None,9.55,None,3.63,0.32,15.72
26.85,None,10.65,None,4.49,0.22,28.34
21.12,None,10.74,None,6.02,0.3,None
18.29,None,11.1,None,3.34,0.24,None
18.36,None,13.31,None,3.72,0.26,None
35.4,None,11.43,None,3.67,0.23,36.03
26.35,None,10.46,None,3.02,0.29,None
23.04,None,10.51,None,3.26,0.34,None
25.75,None,10.67,None,4.02,0.3,None
31.2,None,10.45,None,5.09,0.43,4.44
17.22,None,10.02,None,6.6,0.19,24.8
16.27,None,9.74,None,6.93,0.39,3.5
17.92,None,10.59,None,5.17,0.13,10.5
19.04,None,10.75,None,2.26,0.17,10.88
24.99,None,13.25,None,4.17,0.21,1.16
16.9,None,16.75,None,3.91,0.2,9.88
35.74,None,16.08,None,7.51,0.24,10.14
25.61,None,15.95,None,3.8,0.24,3.03
31.88,None,15.43,None,3.99,0.26,10.81
28.79,None,15.37,None,5.16,0.31,7.84
17.85,None,15.82,None,4.41,0.48,None
23.54,None,15.58,None,3.73,0.7,None
23.89,None,15.87,None,2.62,0.42,11.09
34.14,None,15.69,None,3.07,0.23,8.98
57.93,None,15.79,None,3.64,0.2,8.77
64.92,None,15.75,None,3.74,0.3,9.04
61.57,None,15.64,None,5.04,0.18,8.12
36.42,None,15.81,None,3.29,0.45,9.24
30.29,None,15.82,None,3.59,0.27,6.44
57.04,None,15.81,None,6.58,0.2,10.31
71.96,None,15.23,None,15.39,0.27,7.25
70.3,None,15.97,None,8.63,0.47,7.83
47.12,None,16.72,None,7.17,0.26,7.3
43.31,None,15.97,None,2.87,0.34,8.31
26.88,None,13.42,None,7.04,0.31,8.51
25.95,None,13.31,None,2.3,0.31,7.57
12.79,None,13.08,None,9.24,0.57,7.69
18.55,None,13.18,None,5.14,1,8.06
52.62,None,12.66,None,5.93,1,11.34
54.12,None,12.75,None,6.79,1,7.75
58.84,None,12.71,None,7.46,1,7.89
57.23,None,12.88,None,6.22,1,9.6
18.67,None,13.16,None,6.59,0.65,7.71
25.29,None,13.3,None,8.7,0.39,8.2
47.71,None,15.04,None,29.17,0.83,14.06
42.13,None,18.4,None,26.61,1,7.91
24.15,None,12.89,None,6.62,0.63,5.19
34.51,None,11.48,None,4.36,0.73,8.55
21.36,None,11.32,None,4.36,0.74,8.42
16.91,None,11.21,None,4.37,0.74,6.1
21.05,None,11.6,None,4.35,0.74,4.19
21.01,None,11.27,None,4.4,0.74,5.97
21.04,None,11.26,None,4.37,0.73,7.68
25.31,213.53,12.5,None,6.22,0.72,11.98
34.73,46.69,7.78,None,12.51,0.69,None
None,None,None,None,None,None,None
None,None,None,None,None,None,None
30.84,139.94,None,None,12.53,0.68,None
21.25,49.39,5.32,None,7.89,0.72,10.71
21.01,None,21.34,None,4.36,0.73,6.94
20.89,None,12.83,None,4.37,0.73,12.72
26.44,None,11.7,None,4.36,0.73,9.53
36.74,None,9.5,None,4.39,0.73,4.18
16.72,None,5.32,None,4.38,0.73,7.02
9.91,None,13.65,None,4.39,0.74,4.19
9.14,None,5.57,None,4.36,0.73,6.52
7.48,None,3.99,None,4.37,0.73,7.91
7.66,None,4,None,4.41,0.73,9.24
16.25,None,5.62,None,4.37,0.74,8.02
20.84,None,6.96,None,4.41,0.74,8.59
24.9,None,7.94,None,4.36,0.73,7.61
30.81,None,None,None,4.35,0.73,3.88
None,None,None,None,None,None,None
None,None,None,None,None,None,None
None,None,None,None,None,None,None
44.25,None,11.95,None,13.78,1.25,10.44
46.47,None,14.64,None,8.26,1.04,6.96
30.4,None,18.78,None,8.24,0.7,8.93
37.05,None,18.4,None,8.21,0.7,7.7
42.22,None,19.98,None,8.23,0.7,7.48
47.58,None,22.59,None,8.23,0.7,8.59
44.6,None,25.13,None,8.25,0.7,8.46
43.84,None,27.86,None,8.19,0.7,8.26
48.6,None,33.9,None,8.22,0.7,7.71
45.65,None,11.01,None,8.26,0.69,11.19
65.72,None,11.29,None,8.27,0.7,3.9
38.18,None,11.29,None,8.24,0.7,8.21
49.41,None,11.29,None,8.23,0.7,8.6
43.01,None,11.29,None,8.24,0.7,8.03
24.22,None,11.29,None,8.22,0.7,12.82
19.61,None,11.3,None,8.22,0.7,8.45
20.47,None,11.3,None,8.24,0.7,8.78
21.25,None,11.29,None,8.21,0.7,8.71
19.56,None,11.3,None,8.22,0.7,5.1
15.26,None,11.28,None,8.21,0.7,6.89
14.11,None,11.28,None,8.21,0.7,8.55
7.81,None,11.29,None,8.21,0.7,1.83
9.13,None,13.2,None,7.64,0.7,7.44
15.77,None,13.7,None,6.55,0.7,7.72
21.89,None,11.3,None,6.58,0.7,7.49
39.71,None,11.29,None,6.58,0.7,8.63
53.3,None,11.29,None,6.6,0.7,9.09
52.05,None,11.3,None,6.56,0.7,9.29
48.36,None,11.29,None,6.55,0.7,10.58
78.43,None,12.57,None,8.87,0.75,7.73
62.58,None,11.3,None,8.24,0.7,9.83
67.06,None,11.29,None,8.2,0.7,9.37
55.13,None,11.28,None,8.22,0.7,9.63
48.67,None,11.29,None,8.21,0.7,9.31
73.34,None,11.27,None,8.24,0.7,11.17
68.29,None,11.3,None,8.19,0.7,9.83
78.54,None,11.31,None,8.24,0.7,7.59
45.74,None,11.3,None,8.23,0.7,5.19
21.65,None,11.28,None,8.24,0.7,4.34
25.63,None,11.27,None,8.22,0.7,5.9
27.12,None,11.29,None,8.23,0.7,7.99
26,None,11.28,None,8.25,0.7,5.62
31.23,None,11.29,None,8.24,0.7,8.23
37.24,None,13.09,None,9.55,0.7,12.31
47.09,None,14.22,None,10,0.7,11.47
39.29,None,12.41,None,8.27,0.7,13.8
35.83,None,12.41,None,8.25,0.7,16.09
45.11,None,12.39,None,8.22,0.7,12.59
45.04,None,11.77,None,5.87,0.7,10.2
44.98,None,11.3,None,4.1,0.7,13.57
45.02,None,11.29,None,4.09,0.7,19.93
34.92,None,11.3,None,4.12,0.7,13.3
60.59,None,11.28,None,4.11,0.7,16.81
75.51,None,11.3,None,4.14,0.7,17.68
98.21,None,11.28,None,4.12,0.7,11.49
52.7,None,11.3,None,4.07,0.7,17.11
62.94,None,11.3,None,4.12,0.7,19.94
68.14,None,11.28,None,4.11,0.7,13.62
37.87,None,11.27,None,4.1,0.7,9.28
44.68,None,11.3,None,4.11,0.7,13.78
41.65,None,11.28,None,4.12,0.7,7.72
42.52,None,11.28,None,4.11,0.7,5.41
40.52,None,11.29,None,4.1,0.7,8.02
46.93,None,11.28,None,4.13,0.7,10.31
61.99,None,11.28,None,4.1,0.7,7.78
58.55,None,11.31,None,4.12,0.7,13.45
59.61,None,11.28,None,4.11,0.7,11.58
22.96,None,11.28,None,4.12,0.7,13.22
13.75,None,11.29,None,4.12,0.7,21.05
28.94,None,21.91,None,4.11,0.7,10.84
57.12,None,49.24,None,9.39,0.7,10.02
36.89,None,40.71,None,20.75,0.7,6.45
42.67,None,7.89,None,21.46,0.7,7.63
42.47,None,8.71,None,24.53,0.7,6.78
27.6,None,15.14,None,25.89,0.7,4.3
23.78,None,5.24,None,27.72,0.7,5.43
25.36,None,5.37,None,29.28,0.7,4.97
36.1,None,5.95,None,27.12,0.7,4.92
55.96,None,6.88,None,30.78,0.7,6.68
84.72,None,5.08,None,33.51,0.7,5.85
38.6,None,10.17,None,31.28,0.7,6.92
39.86,None,5.79,None,30.91,0.7,4.9
95.47,None,4.52,None,32.76,0.7,5.35
43.95,None,5.28,None,31.5,0.7,3.41
61.83,None,4.75,None,33.17,0.7,4.45
33.77,None,5.82,None,32.42,0.7,4.67
14.39,None,4.07,None,28.24,0.7,4.54
26.06,None,4.95,None,29.58,0.7,4.42
86.69,None,4.94,None,29.04,0.7,6.04
49.33,None,6.44,None,30.06,0.7,5.41
28.99,None,6.3,None,29.89,0.7,7.54
23.57,None,7.61,None,30.33,0.7,6.26
30.39,None,7.69,None,34.03,0.7,3.8
41.38,123.43,7.63,7.73,30.98,0.68,9.96
40.26,184.79,8.44,12.42,28.78,0.7,8.61
71.79,189.98,7.4,8.88,31.48,0.7,7.12
39.76,160.47,7.05,8.2,30.19,0.7,7.71
37.76,142.78,9.94,14.68,29.88,0.7,4.75
41.07,160.8,7.41,6.92,29.54,0.7,6.96
65.14,170.07,8.98,1.58,24.2,0.7,6.91
52.85,144.96,8.47,3.41,25.95,0.7,12.62
43.93,130.9,9.29,2.13,25.64,0.7,10.81
39.97,97.64,9.43,8.39,28.48,0.7,5.11
None,None,16.08,17.84,28.02,0.7,3.58
None,None,None,None,None,None,None
None,None,None,None,None,None,None
31.27,102.25,6.7,9.77,28.08,0.7,14.31
29.35,80.33,5.91,10.15,26.55,0.7,11.63
44.96,101.19,7.49,10.82,26.8,0.7,15.06
47.1,106.75,5.6,10.11,27.05,0.7,10.16
35.62,88.55,5.48,12.58,28.01,0.7,9.09
2.46,98.07,5.64,14.02,26.71,0.7,7.99
None,76.73,5.26,12.7,29.4,0.7,12.15
None,90.16,6.06,12.57,28.39,0.7,8.96
None,105.55,6.39,4.47,32.8,0.7,7.75
43.36,88.29,7.03,5.42,32.56,0.7,6.62
41.82,83.63,5.96,12.92,35.77,0.7,3.61
38.17,70.14,3.63,15.85,37.78,0.7,2.44
20.95,39.34,3.5,9.65,33.5,0.7,4
9.81,48.26,3.78,4.11,39.27,0.7,3.29
13.82,49.38,6.17,9.01,44.81,0.7,2.96
19.18,35.39,6.2,6.6,44.24,0.7,6.72
38.94,None,5.45,12.36,38.27,0.7,5.27
24.77,52.91,5.72,9.77,36.3,0.7,6.76
17.94,35.76,5.9,6.97,37.31,0.7,5.02
30.03,60.05,None,None,38.86,0.7,9.52
31.8,63.22,5.12,13.29,40.47,0.7,5.69
24.32,48.64,5.54,15.82,37.69,0.7,9.98
23.25,46.51,4.33,13.74,36.81,0.7,7.42
26.04,52.07,5.27,10.59,35.62,0.7,6.16
29.07,58.15,6.11,11.97,38.83,0.7,5.82
25.86,51.71,3.7,13.58,39.04,0.7,6.7
34.19,68.39,3.49,14,39.31,0.7,12.31
32.35,64.7,5.45,12.27,36.95,0.7,15.92
35.72,71.43,6.17,12.93,35.73,0.7,10.5
32.45,64.91,5.63,9.57,38.54,0.7,8.21
24.1,48.21,4.39,11.22,45.13,0.7,13.35
19.88,39.77,3.97,15.89,46.1,0.7,21.27
9.83,19.67,2.22,13.28,42.34,0.7,22.34
12.5,25.01,3.43,13.94,41.99,0.7,43.35
15.28,30.57,3.48,14.47,45.15,0.7,20.46
15.48,30.96,3.32,13.1,44.94,0.7,37.36
13.09,26.18,3.76,10.05,48.69,0.7,33.08
10.7,21.41,3.15,15.19,50.55,0.7,66.47
13.39,26.74,3.93,21.35,50.9,0.7,24.19
14.15,28.54,4.77,20.79,52.5,0.7,22.34
9.95,19.88,2.73,18.76,23.96,0.7,2.39
10.79,21.57,3.65,22.1,7.98,0.7,4.68
13.22,26.46,3.09,21.78,17.84,0.7,2.34
13.02,26,2.41,7,3.83,0.7,21.15
14.61,29.22,2.56,6.57,2.69,0.7,20.42
13.99,27.82,2.94,6.72,2.74,0.7,14.95
13.15,26.3,2.55,4.02,4.37,0.7,12.25
16.82,33.63,3.32,9.82,4.76,0.7,18.85
18.74,37.47,2.41,7.15,5.17,0.7,29.45
16.52,33.05,2.13,9.11,5.2,0.7,30.8
16.78,33.56,4.59,12.41,6.09,0.7,26.64
15.54,30.92,5.34,8.43,7.36,0.7,20.32
19.28,38.55,5.83,11.36,12.2,0.7,14.86
24.34,48.63,6.65,18.93,14.61,0.7,12.64
25.23,50.17,5.88,22.99,21.09,0.7,38.94
30.42,60.84,5.97,26.88,22.57,0.7,15.53
24.75,49.5,5.42,39.46,56.43,0.7,15.54
29.25,58.51,4.9,42.4,72.15,0.7,11.1
29.76,59.51,4.59,38.36,65.14,0.7,14.96
30.94,61.88,5.62,42.46,80.52,0.7,13.85
23.15,46.29,5.98,40.33,72.03,0.7,17.79
18.4,36.81,4.75,41.98,77.13,0.7,11
20.3,40.59,5.04,43.18,90.63,0.7,14.08
20.54,41.09,5.08,38.84,86.64,0.7,12.35
20.39,40.78,3.63,21.67,31.8,0.7,14.32
15.7,31.39,2.73,13.06,18.67,0.7,8.39
16.08,32.16,2.71,10.49,18.42,0.7,20.14
15.61,31.22,3.04,8.79,17.06,0.7,23.29
21.21,42.43,4.38,9.29,16.84,0.7,20.77
19.15,38.3,4.93,8.33,18.97,0.7,12.07
24.22,48.43,5.04,9.24,17.53,0.7,11.93
20.1,40.19,4.64,9.94,17.56,0.7,2.53
27.6,55.19,5.02,10.22,17.57,0.7,0.68
26.23,52.86,5.56,15.27,26.43,0.7,11.5
12.67,25.3,3.28,11.05,0.42,0.7,16.04
18.6,37.2,6,13.52,3.91,0.7,8.09
25.77,51.55,5.4,12.53,6.1,0.7,12.01
38.24,76.42,7.84,11.92,8.63,0.7,11.47
44.83,90.04,5.92,16.25,10.27,0.7,14.52
48.53,97.06,5.46,27.91,26.97,0.7,10.12
50.73,101.85,6.61,32.97,26.84,0.7,9.87
44.86,89.71,4.69,40.38,63.15,0.7,6.32
41.34,82.68,8.53,50.5,93.56,0.7,8.5
41.79,83.13,6.23,26.06,30.92,0.7,16.74
46.41,92.82,6.49,18.32,6.84,0.7,21.5
34.39,69.1,6.49,11.78,9.45,0.7,10.5
39.01,89.87,10.45,11.53,10.06,0.69,27.13
45.62,91.23,6.92,12.85,0.7,0.7,48.12
20.43,40.87,5.86,9.9,0.08,0.7,35.03
26.69,52.96,9.05,11.8,11.27,0.7,30.37
30.51,61.01,5.25,7.07,0.01,0.7,21.17
27.34,54.12,4.87,7.57,127.87,0.69,9.68
21.97,43.93,6.6,7.58,19.56,0.7,7.36
27.44,55.13,9.64,11.75,28.36,0.7,19.5
23.12,46.24,7.47,10.99,32.57,0.7,15.42
25.18,50.37,6.63,10.62,44.25,0.7,21.87
16.92,33.84,6.04,9.08,43.79,0.69,5.59
29.84,59.68,7.58,10.57,50.14,0.7,4.07
23.79,47.45,6.25,9.14,30.12,0.7,4.91
28.11,56.19,6.53,9.67,9.28,0.7,15.46
17.22,34.45,0.02,None,9.71,0.7,29.57
19.51,39.02,None,None,10.15,0.7,11.56
15.84,31.67,None,None,10.19,0.7,13.76
26.31,52.63,None,None,10.16,0.7,9.13
34.01,68.02,None,None,10.35,0.7,5.97
26.09,52.18,None,None,10.34,0.7,1.73
16.44,32.59,13.99,15,10.35,0.7,16.68
26.38,52.75,14.01,15,10.57,0.7,6.96
15.91,31.81,14.03,15,10.69,0.69,4.95
None,None,None,None,None,None,None
20.78,41,14.01,15,10.93,0.7,13.26
23.64,47.02,14.02,15,10.87,0.7,15.87
26.23,52.03,14.02,15.01,10.53,0.7,16.98
31.96,63.97,14.01,15,10.73,0.7,6.41
29.7,59.38,13.12,15.01,10.86,0.7,0.78
29.8,59.47,11.48,15,10.87,0.7,7.65
23.98,47.94,11.48,15,10.97,0.7,8.54
19.37,38.08,11.5,14.99,11.16,0.7,17.31
23.14,45.45,11.47,15.01,11.87,0.7,11.4
34.52,69.04,11.49,15.01,12.39,0.7,9.18
30.77,61.29,11.47,14.99,12.39,0.7,10.05
34.82,69.64,11.49,15,12.53,0.7,6.99
25.89,51.86,11.48,15.02,12.43,0.7,6.63
21.61,43.22,11.47,15,12.44,0.7,5.87
24.13,48.26,11.47,15,12.43,0.7,11.12
22.92,45.84,11.48,14.99,12.46,0.7,6.84
25.85,51.7,11.48,14.99,12.61,0.7,6.59
30.91,62.04,11.47,15,12.76,0.7,10.06
27.57,55.45,11.49,15,12.45,0.7,9.28
24.18,48.35,11.48,15,12.41,0.7,10.42
27.91,55.82,11.47,15,12.79,0.7,7.82
24.69,49.21,11.47,15,10.83,0.7,11.8
14.08,28.16,11.47,15,7.64,0.7,5.63
26.05,52.1,11.48,14.99,7.75,0.7,4.15
25.3,50.59,11.48,15.02,7.67,0.7,3.72
31.06,62.13,11.48,14.99,8.24,0.7,4.03
30.07,60.63,11.47,14.99,8.27,0.7,4.54
29.36,58.68,11.47,15,8.24,0.7,3.67
36.04,72.08,11.46,14.99,9.01,0.7,3.81
30.74,61.49,11.48,15,10.71,0.7,3.25
27.93,55.64,11.49,15.01,11.43,0.7,2.02
25.46,50.49,11.48,14.99,11.45,0.7,1.8
24.87,49.67,11.46,15.01,11.52,0.7,2
24.78,49.6,11.46,14.99,11.52,0.7,14.03
24.85,49.78,11.51,15.01,11.84,0.7,1.14
24.79,49.64,11.47,14.99,11.87,0.7,0.71
31.8,63.6,11.48,15.01,12.23,0.7,3.51
25.05,50.09,11.48,15,12.43,0.7,0.95
26.69,53.36,11.49,14.99,12.74,0.7,5.05
23.3,46.53,11.5,15,11.66,0.7,4.54
17.07,34.14,11.47,14.99,11.64,0.7,3.98
15.66,31.33,11.48,14.99,14.6,0.7,3.79
21.57,43.14,11.47,14.98,61.85,0.69,0.62
25.66,51.24,11.49,15.01,79.2,0.7,0.25
36.94,73.88,11.48,14.99,50.07,0.72,0.21
31.79,63.58,11.48,14.99,19.46,0.71,10.33
22.06,44.12,11.49,15,20.46,0.71,12.75
24.4,48.8,12.72,15,22.41,0.71,22.62
24,48.23,14.04,15.01,23.34,0.71,33.41
29.67,59.34,13.99,15,20.69,0.72,11.24
20.96,41.92,14,14.99,19.97,0.71,9.92
25.97,51.94,13.99,15,20.89,0.71,8.1
24.23,48.46,14,15.01,21.07,0.71,11.02
24.62,49.24,14.01,14.99,18.87,0.71,6.2
25.12,50.35,14.02,15,17.95,0.71,11.16
24.75,49.5,14,14.99,17.73,0.71,10.05
24.12,48.23,14,14.99,17.63,0.71,8.45
25.65,51.21,14,15,17.24,0.71,8.92
28.64,57.29,13.99,14.99,16.07,0.71,13.62
30.32,60.33,13.99,15,15.51,0.71,17.73
35.23,70.46,14.03,15,15.46,0.71,15.38
29.23,58.53,14.01,15,14.78,0.71,8.74
27.39,54.78,14.01,15,14.1,0.7,13.16
22.25,44.5,14,15.01,13.77,0.71,13.21
25.57,51.2,14,14.99,14.97,0.71,9.63
21.78,43.78,14,15,19.06,0.71,77.57
33.23,66.47,14.01,15,11.95,0.71,1.77
37.72,75.39,13.97,15.01,12.93,0.71,4.08
30.08,60.42,14.01,14.99,12.2,0.71,1.79
20.6,41.07,13.97,15.01,12.11,0.71,0.88
23.07,46.14,14,14.99,12.26,0.71,2.04
27.69,55.72,14.02,14.99,12.33,0.7,3.9
34.21,68.43,14.01,15.01,11.73,0.71,10.7
37.47,75.24,13.99,15,13.18,0.71,28.53
17.84,35.68,13.99,15.01,23.71,0.7,2.35
13,26.03,14.01,15,19.3,0.7,4.56
9.47,18.99,14,15,9.98,0.71,1.96
14.11,28.34,13.97,15,11.64,0.71,2.44
11.65,23.32,14.01,15,16.88,0.71,3.33
16.21,31.95,14,15,14.95,0.71,3.27
18.51,36.96,14.02,15.01,14.84,0.71,4.37
20.81,41.87,13.67,15.98,14.71,0.71,3.75
17.89,35.37,12.87,18.29,12.81,0.71,4.76
21.46,43.01,13.07,18.79,13.6,0.71,10.57
28.13,56.26,12.99,18.52,13.88,0.71,12.6
20.13,40.26,13.04,18.5,14.5,0.71,17.91
None,None,None,None,None,None,None
None,None,None,None,None,None,None
None,None,None,None,None,None,None
None,None,None,None,None,None,None
None,None,None,None,None,None,None
None,None,None,None,None,None,None
41.11,82.63,13.22,18.2,13.59,0.74,11.27
37.01,74.48,13.04,18.25,12.85,0.72,11.15
32.72,65.15,13.06,18.5,12.69,0.71,10.72
20.81,41.62,12.69,18.34,12.82,0.71,8.92
19.15,38.16,12.95,17.71,12.42,0.7,8.68
21.68,43.36,13.01,18.58,12.48,0.72,9.48
38.76,78.05,12.89,16.96,13.46,0.72,10.75
53.29,106.6,13.08,18.22,17.02,0.71,11.74
61.97,123.94,13.01,18.29,16.24,0.73,13.72
54.54,109.61,21.32,25.53,17.44,0.72,15.66
53.9,73.28,20.44,45.25,21.87,0.72,0.79
30.04,43.91,16.71,42.3,23.59,0.71,10.7
21.22,42.44,19.46,37.69,24.3,0.71,0.85
12.16,24.32,19.49,36.3,23.67,0.71,7.33
15.69,31.57,15.46,37.13,25.45,0.72,9.37
27.82,54.47,17.03,32.64,15.24,0.79,8.6
56.5,74.16,22.45,31.41,18.59,1.27,10.87
41.64,65.54,26.16,25.31,27.37,0.99,8.65
17.48,42,33.69,28.85,5.81,1.05,11.17
15.66,39.1,39.55,21.98,2.68,0.95,23.17
43.58,82.05,30.95,16.84,7.32,1.03,6.93
31.6,63.62,14.94,23.28,4.55,1.15,8.7
31.31,63.16,12.41,34.02,16.57,0.88,13.44
33.45,66.22,7.6,23.97,7.28,0.85,23.41
10.25,30.79,10.67,15.59,27.28,1.08,12.52
17.67,42.09,11.15,13.2,46.87,1.45,10.41
16.08,39.74,9.95,14.4,66.53,1.35,7.26
14.53,37.36,5.09,38.47,43.82,1.11,10.12
16.25,39.99,6.8,61.17,41.89,0.84,12.83
14.23,36.9,6.57,31.17,21.15,0.57,12.14
8.33,27.85,9.5,42.53,16.34,0.4,14.66
8.35,27.84,6.18,28.9,16.23,0.57,11.21
10.02,30.42,6.98,30.41,18.91,0.67,10.72
11.35,32.46,11.6,41.06,18.27,0.59,17.78
14,36.55,4.4,35.27,21.71,0.85,14.84
13.52,35.81,6.85,16.89,22.37,0.66,11.59
16.07,39.72,7.16,16.79,22.59,0.69,10.96
17.87,42.49,8.66,12.6,19.38,0.56,13.86
11.5,32.68,16.04,16.9,21.05,0.54,66.31
12.39,34.04,28.73,20.88,18.74,0.47,62.65
7.37,26.34,None,None,18.92,0.46,67.51
8.47,28.03,13.05,26,21.21,0.55,80.42
13.6,36.1,10.97,13.19,23.62,0.53,67.11
23.4,50.89,16.56,19.21,18.65,0.47,14.3
26.18,55.26,18.33,15.6,19.07,0.66,21.75
26.36,55.56,17.18,15.18,19.08,0.7,20.96
22.05,48.92,17.21,15.37,18.78,0.69,37.43
30.49,61.91,17.89,23.04,23.11,0.83,13.93
32.54,65.06,11.63,13.76,20.81,0.73,14.42
25.72,54.56,13.36,17.09,23.69,0.76,14.83
17.11,41.33,14.43,13.2,22.62,0.71,14.55
None,None,None,None,None,None,None
19.73,45.36,14.75,18.26,19.09,0.59,13.87
15.62,39.04,11.74,15.29,20.23,0.5,16.2
11,31.9,12.36,15.39,19.52,0.47,23.9
14.65,37.54,12.69,14.72,20.18,0.52,20.37
21.16,47.58,12.53,13.69,18.64,0.57,28.46
30.4,61.76,17.31,14.81,20.4,0.55,36.59
36.14,70.6,18.5,15.51,20.67,0.62,42.19
33.92,67.19,19.91,16.87,22.52,0.59,38.24
32.98,65.75,18.54,15.44,22.57,0.53,46.69
25.47,54.19,19.55,15.66,26.93,0.57,46.95
28.64,59.07,20.23,18.24,23.79,0.68,42.23
30.62,62.12,21.15,20.26,25.79,0.7,47.89
30.32,61.65,23.92,32.87,30,1.08,54.45
30.5,61.92,23.11,23.42,37.13,0.82,57.53
28.59,58.99,17.04,20.53,29.11,0.69,41.61
50.16,92.17,17.26,23.13,30.17,0.74,47.58
47.39,87.91,16.23,21.76,27.79,0.73,41.32
45.46,84.95,14.05,18.36,28.19,0.6,37.09
36.62,71.34,14.48,17.81,24.19,0.6,31.92
37.28,72.35,14.23,17.01,25.88,0.58,24.26
34.38,67.9,11.67,16.24,25.21,0.45,39.07
29.75,60.77,83.09,96.6,34.89,1.48,12.82
26.55,55.84,40.7,94.38,30.41,1.84,16.81
26.07,55.11,39.69,72.98,33.01,1.56,17.8
40.05,76.61,23.29,49.13,39.87,1.68,25.91
47.55,88.09,18.99,55.16,45.62,1.31,37.28
44.18,82.98,18.11,99.61,50.42,1.58,24
32.72,65.33,15.5,69.28,52.02,1.33,25.54
27.35,57.07,14.72,29.22,52.37,1.13,21.71
22.39,49.44,19.24,30.65,48.65,1.25,22.44
17.24,41.52,8.85,17.24,44.12,1.46,24.05
21.18,47.61,12.83,18.19,42.97,1.47,21.15
24.56,52.79,12.33,20.52,42.86,1.46,15.13
22.24,49.21,10.96,17.55,40.41,1.27,11.51
30.82,62.41,10,15.26,39.12,1.39,12.53
15.89,39.45,8.55,13.63,35.59,1.05,12.49
15.92,39.49,8.89,14.4,34.83,1.4,15.84
12.36,34.04,6.12,11.52,31.35,1.67,20.44
15.84,39.37,12.73,15.75,31.56,1.48,20.35
33.21,66.19,17.02,35.96,35.38,1.28,24.55
45.71,85.33,19.04,26.61,39.01,1.15,29.27
44.91,84.09,17.82,22.03,39.84,1.48,39.35
45.91,85.63,14.61,29.57,38.07,1.34,37.31
41.02,78.11,11.59,15.76,33.04,1.68,33.69
33.43,66.43,5.92,11.66,30.2,1.45,36.55
26.43,55.67,15.45,16.23,31.16,1.48,21.84
32.97,65.72,12.64,22.02,36.44,1.46,18.7
22.72,49.95,10.07,15.37,31.66,1.54,15.69
23.67,51.43,10.73,15.65,31.38,1.74,17.31
45.22,84.57,16.72,14.82,29.31,1.29,30.3
66.91,117.94,18.98,17.95,30.6,1.4,28.93
None,None,None,None,None,None,None
None,None,None,None,None,None,None
46.37,86.39,16.54,18.18,33.78,1.66,38.47
41.77,79.27,17.21,27.12,36.54,1.44,23.97
36.45,71.36,14.8,22.31,34.45,1.41,26.06
29.19,59.9,12.92,19.09,30.52,1.36,28.99
29.89,60.98,11.99,17.72,26.44,1.67,22.73
33.15,65.99,12.52,15.84,24.43,1.85,28.23
36.86,71.7,15.17,17.99,22.22,1.88,31.31
42.83,80.88,15.28,20.96,20.93,1.25,49.17
35.17,69.1,15.25,16.66,20.6,1.45,58.91
47.52,88.12,19.32,18.7,20.34,1.64,43.52
38.65,75.04,15.94,17.59,20.13,1.22,48.78
36.8,71.75,16.46,17.23,20.45,1.08,166.06
42.06,79.65,14.91,18.21,20.78,0.87,65.78
44.73,83.82,13.17,16.64,20.57,1.45,104.77
38.71,74.55,14.84,16.84,20.65,1.18,126.16
43.62,82.11,17.2,17.55,20.62,1.55,94.45
42.02,79.65,17.73,18.24,20.56,1.07,114.89
34.65,68.3,12.05,15.04,20.41,1.1,95.1
45.5,85.01,12.74,14.09,19.92,1.15,47.49
55.82,100.87,15.55,17.21,19.95,0.93,99.57
35.63,69.81,11.84,17.11,20.12,1.11,182.94
31.31,63.17,9.95,14.88,20.2,1.19,163.31
24.48,52.76,9.81,13.58,20.15,1.34,159.56
31.99,64.24,11.91,18.55,20.3,1.22,91.19
39.14,75.22,14.12,27.34,20.63,1.12,47.23
38.45,74.16,None,None,21.25,0.96,64.73
27.52,57.34,None,None,21.78,1.04,81.35
34.36,67.87,13.26,17.32,18.92,1.4,35.7
31.51,63.48,14.19,18.85,13.94,1.8,34.42
40.45,77.23,16.11,21.52,14.26,1.54,32.19
43.25,81.54,15.76,17.66,14.44,1.48,35.15
43.04,81.22,15.3,15.32,14.87,1.85,42.18
37.58,72.82,17.97,18.13,14.87,1.84,40.92
30.03,61.2,12.37,12.76,15.63,1.55,47.33
29.56,60.48,10.83,15.31,15.43,1.45,51.5
43.63,82.12,14.19,18.92,15.78,1.03,39.47
44.02,82.68,13.04,14.8,14.74,1.13,39.13
43.97,82.64,15.69,17.94,14.72,0.97,35.03
39.1,75.16,15.91,17.64,14.7,1.22,36.99
40.83,77.58,17.55,18.83,14.82,1.46,33.02
43.61,82.09,16.33,19.25,14.79,1.21,51.07
47.81,88.56,15.65,17.03,14.96,1.09,101.74
48.26,89.25,16.73,20.57,14.79,1.12,102.95
52.71,96.08,17.61,17.63,14.82,1.38,70.35
54.98,99.39,16.45,19.59,15.13,1.27,129.99
37.35,72.46,11.05,18.2,15.3,1.3,149.06
38.4,74.08,8.85,17.81,15.95,1.71,135.02
38.52,74.29,9.5,16.42,16.06,1.54,125.24
47.49,88.07,9.56,16.47,16.26,1.31,124.21
44.96,84.18,18.98,20.8,16.45,1.46,80.71
43.87,82.4,7.13,20.78,15.52,1.24,26.61
36.44,71.17,6.2,10.54,14.26,1.25,4.83
31.56,63.55,5.58,15.85,15.7,1.25,2.37
30.62,62.11,5.46,31.25,15.38,1.25,1.78
24.68,52.97,5.17,28.72,15.64,1.25,2.13
21.92,48.72,4.85,32.06,15.64,1.25,0.99
19.75,45.38,4.02,38.43,15.67,1.25,2.21
21.68,48.35,4.98,28.01,15.66,1.26,1.47
18.67,43.76,4.44,35.53,15.49,1.25,3.56
19.22,44.56,4.68,42.69,15.61,1.25,8.72
17.98,42.65,4.92,32.2,15.76,1.25,43.07
17.23,41.5,5.09,27.12,16.11,1.25,41.29
15.59,38.99,4.3,29.25,16.16,1.25,55.04
13.73,36.6,15.39,41.01,28.24,2.47,9.38
12.06,33.56,11.44,36.86,28.02,1.06,9.18
None,None,None,None,None,None,None
None,None,None,None,None,None,None
23.1,50.22,6.27,29.66,9.82,1.5,10.4
11.84,33.21,3.44,32.97,10.31,0.97,13.24
14.8,37.77,9.39,20.47,10.06,1.14,20.37
9.88,30.2,5.01,21.66,9.67,0.66,19.05
None,None,None,None,None,None,None
None,None,None,None,None,None,None
None,None,None,None,None,None,None
None,None,None,None,None,None,None
None,None,None,None,None,None,None
None,None,None,None,None,None,None
None,None,None,None,None,None,None
None,None,None,None,None,None,None
16.63,40.63,5.03,20.43,10.38,1.24,22.99
14.25,36.92,3.85,24.99,10.31,1.91,23.93
14.67,37.58,3.66,20.49,10.64,1.68,26.44
13.35,35.53,3.82,24.02,11.22,1.44,27.25
15.93,39.51,9.74,22.95,11.25,2.13,25.97
18.75,43.85,11.74,28.09,11.13,1.87,29.6
16.07,39.7,5.78,21.29,11.11,2.07,42.12
15.79,39.29,3.21,14.75,8.34,1.91,24.97
19.08,44.35,3.69,11.94,8.64,1.63,118.59
22.96,50.32,5.63,19.07,10.09,1.55,71.44
24.07,52.03,4.42,30.11,12.5,1.64,34.63
44.02,82.72,14.54,31.73,10.33,1.66,55.86
30.68,62.27,4.63,22.81,11.62,0.82,25.08
27.25,56.89,4.62,21.35,12.19,0.85,15.14
34.42,67.95,15.86,28.25,13.14,1.32,13.48
31.24,63.07,6.89,18.25,11.54,1.08,18.04
38.51,74.25,10.07,13.71,10.94,0.81,25.64
39.6,75.92,7.24,11.07,10.95,0.88,33.87
50.18,92.2,12.8,19.08,10.8,1.05,18.03
36.22,70.73,10.15,37.11,14.59,1.16,13.73
32.76,65.4,18.36,152.25,16.03,1.05,14.81
27.8,57.77,11.01,75.99,13.45,0.89,16.92
24.05,52,10.65,47.63,13.15,1.11,23.44
28.24,58.44,10.83,42.7,13.88,1.36,31.97
21.72,48.41,17.43,33.99,14.7,1.36,35.1
20.21,46.09,12.51,26.49,14.37,1.29,33.68
24.44,52.59,10.91,25.3,12.29,1.13,28.74
17.06,41.25,6.54,19.57,13.93,1.13,34.48
20.06,45.87,7.94,19.88,14.78,1.14,43.13
35.98,70.35,14.45,22.34,12.4,1.07,39.54
32.17,64.49,14.72,20.25,12.35,0.79,31.04
36.15,70.46,13.49,18.89,12.32,0.7,38.2
26.04,55.06,9.95,17.99,12.34,0.91,88.7
29.74,60.76,7.55,14.07,12.45,0.83,51.62
32.97,65.72,10.67,14.52,13.76,1.22,38.03
31.42,63.33,15.95,22.29,15.39,1.24,36.94
29.37,60.19,13.74,24,14.6,1.17,49.63
29.97,61.1,13.54,22.74,13.95,1.1,53.97
None,None,None,None,None,None,None
None,None,None,None,None,None,None
33.26,66.17,14.73,18.76,19.06,1.4,53.12
33.66,66.79,17.06,31.13,21.66,1.07,42.29
36.19,70.67,14.45,27.98,17.2,1.08,50.4
33.69,66.83,10.07,16.12,11.95,0.92,52.38
41.51,26.93,8.99,12.38,12.1,0.88,95.73
86.56,27.11,6.06,10.62,11.82,0.97,54.6
64.31,57.79,7.87,11.27,11.82,0.77,66.08
39.3,75.46,11.49,15.68,11.49,1.04,49.3
38.09,73.6,9.4,14.88,11.44,1.19,40.93
35.01,68.86,14.62,19.1,11.27,0.86,35.92
31.82,63.96,10.61,19.59,11.11,1.32,36.46
33.2,66.08,13.56,18.41,13.56,1.62,31.03
36.43,71.08,9.5,22.97,18.26,1.12,60.43
31.02,62.73,10.47,22,13.82,0.96,74.58
39.71,75.97,7.79,14.18,12.4,1,60.07
27.67,57.57,7.23,10.83,12.17,0.9,47.27
28.07,58.18,7.77,13.73,13.49,1.04,49.18
27.54,57.37,12.54,24.92,17.01,1.46,42.72
21.97,48.58,8.74,21.01,16.43,1.4,64.3
20.65,46.82,7.77,19.97,19.02,1.31,77.91
18.54,43.52,13.21,25.43,16.57,1.52,14.94
19.79,45.45,10.7,20.89,12.95,1.36,12.12
126.77,159.22,8.16,17.89,12.32,1.03,14.98
7.27,26.18,13.59,24.29,11.65,1.2,12.46
28.93,35.45,7.49,16.85,12.18,1.27,13.04
10.45,31.08,9.13,17.8,12.33,1.11,13.13
12.88,34.82,10.14,17.43,12.39,0.94,12.46
22,48.86,10.3,19.01,11.57,0.88,12.87
16.65,40.62,9.19,14.95,10.33,1.07,19.65
35.77,53.5,9.1,19.03,10.71,1.28,153.91
17.04,41.22,8.76,19.82,9.88,1.02,162.53
None,None,8.08,21.83,13.34,1.62,20.06
27.45,46.15,18.89,28.14,15.22,1.92,11.12
11.18,32.18,11.36,23.03,17.08,1.21,10.86
20.94,44.1,10.81,21.81,15.61,1.31,11.92
4.43,21.82,11.92,22.13,15.46,1.2,10.27
2.12,18.27,11.53,24.15,13.54,1.3,12.88
6.32,24.72,12.08,20.71,14.46,1.29,9.32
2.09,18.26,11.19,20.66,14.09,1.19,12.38
3.65,20.61,11.18,20.3,13.4,1.14,10.76
35.01,65.86,10.26,15.46,14.06,1.13,21.06
253.97,105.16,12.02,22.06,13.38,1.07,16.63
48.94,75.3,11.5,22.58,13.63,1.08,10.62
15.35,23.61,12.03,23.37,13.75,1.06,9.4
18.54,28.52,12.31,22.41,13.75,1.17,12.73
43.16,66.79,13.58,24.46,13.95,1.23,9.15
43.9,67.55,11.33,25.48,13.69,1.17,25.66
27.04,41.52,8.28,23.44,13.69,1.04,None
31.46,48.41,9.22,23.02,14.06,1.29,9.69
43.58,67.01,9.37,21.15,None,1.07,9.44
41.02,63.11,7.9,18.85,None,1.26,9.5
23.17,35.64,10.28,30.82,None,1.06,9.77
21.24,32.66,22.99,32.05,None,1.2,11.81
18.98,29.26,10.87,29.21,None,1.43,10.33
17.2,26.47,10.66,23,None,1.19,9.07
23.25,35.77,12.8,25,None,1.46,10.72
17.06,26.2,11.64,21.41,None,1.62,11.23
21.23,32.67,7.63,17.16,1.84,0.98,11.46
12.13,18.67,5.91,12.09,2.08,1.15,46.17
13.51,20.79,5.63,11.55,2.24,1.07,148.81
10.97,16.87,6.94,14.12,2.31,1.13,None
35.24,54.22,7.97,19.67,2.85,1.16,21.99
37.76,58.1,8.37,19.14,3.1,1.18,16
39.61,60.94,9.35,18.94,3.35,1.28,16.07
19.37,29.8,8.05,18.37,3.73,1.22,11.21
17.38,26.75,10.93,13.5,3.69,1.14,11.37
12.65,19.45,20.29,27.8,6.24,1.31,8.76
12.24,18.83,13.48,28.55,7.33,1.25,8.79
5.35,8.23,10.52,23.78,7.23,1.53,8.93
14.62,22.49,9.99,20.07,2.77,1.13,10.31
14.78,22.74,10.59,16.15,3,1.23,10.12
14.51,22.32,10.99,15.98,3.38,1.11,9.99
17.07,26.39,12.15,16.82,3.36,1.02,10.65
10.24,15.75,12.04,17.61,4.41,0.97,10.13
10.84,16.68,10.73,14.79,4.6,0.86,10.16
7.5,11.54,9.67,14.61,4.7,1.05,9.82
12.7,19.7,6.2,12.96,4.76,0.93,10.44
5.64,8.67,5.07,12.07,4.14,1.2,11.07
4.51,6.98,12.32,23.78,13.13,1.51,11.77
4.45,6.85,14.33,29.73,16.02,1.3,10.61
7.56,11.63,12.8,28.74,19.1,1.59,11.3
16.54,25.45,12.2,27.26,10.19,1.31,10.96
16.49,25.35,7.33,16.55,2.4,1.07,12.88
3.14,4.82,6.29,15.02,4.29,0.97,12.56
17.25,26.54,29.93,13.58,49.9,1.18,21.65
10.9,16.77,24.45,14.65,38.31,1.24,31.52
14.63,22.34,31.46,13.26,4.61,0.93,29.46
21.41,32.94,31.64,14.35,3.25,1.72,31.2
27.89,42.91,35.42,13.79,1.19,1.43,33.39
21.14,32.96,31.75,15.79,2.18,1.2,31.55
43.15,66.38,29.84,17.82,2.04,1.12,31.43
78.87,84.45,27.35,12.53,1.76,1.42,32.05
205.66,316.41,24.34,12.52,2.48,1.33,34.44
52,79.98,25.58,22.36,1.71,2.31,35.81
9.24,14.22,20.5,13.43,1.35,2.02,33.98
17.13,26.34,34.16,18.34,2.06,2.08,37.95
27.82,42.8,20.65,19.53,2.51,2.21,33.76
28.38,43.66,25.93,20.91,2.46,2.44,33.99
33.06,50.8,21.45,16.54,2.08,2.12,31.87
33.23,51.13,31.28,16.69,2.14,2.76,30.5
30.69,47.22,28.74,13.93,2.35,3,19.38
44.26,68.1,37.25,20.38,2.73,3.41,23.82
42.24,64.98,31.44,21.75,2.47,2.66,26.48
32.43,49.88,16.42,14.72,2.43,1.78,None
41.62,64.02,17.92,17.08,2.45,3.18,None
44.06,67.79,25.75,18.72,2.45,3.83,None
67.5,103.83,17.48,31.06,1.92,3.53,None
72.9,112.15,38.38,13.65,2.27,2.96,None
62.56,96.25,27.08,16.15,2.32,2.91,29.48
49.7,76.46,19.2,10.06,2.53,1.8,43.42
34.59,53.34,22.84,7.95,2.42,2.27,38.06
46.1,70.92,25.09,11.19,2.69,1.72,33.63
54.69,84.14,27.79,12.98,2.84,1.82,29.32
61,93.84,28.86,10.95,2.23,1.85,39.47
49.3,75.83,34.12,11.69,2.4,1.83,44.07
48.64,74.82,43.77,14,2.47,1.79,47.4
42.19,64.91,21.85,11.27,2.62,1.6,41.36
46.08,70.88,25.8,8.85,2.74,1.89,55.3
49.74,76.52,26.82,10.87,2.33,2.76,45.32
64.28,98.89,34.69,12.53,2.49,2.39,48.8
50.46,77.63,41.87,7.88,2.35,2.15,28.52
66.1,101.69,36.42,13.93,2.33,2.27,9.79
39.23,60.34,33.78,16.17,2.54,2.13,9.23
37.85,58.22,35.8,24.01,2.24,2.06,10.77
35.5,54.62,74.6,22.19,2.24,2.19,15.45
62.38,95.97,38.43,22.06,2.08,2.22,23.93
54.38,83.67,33.99,13.66,None,2.52,29.67
77.51,119.25,36.3,11.51,None,2.23,16.56
52.7,81.07,42.63,8.44,3.21,2.36,13.98
54.1,83.24,37.54,12,2.22,2.86,10.64
69.19,106.45,36.75,12.35,2.4,2.5,11.39
25.07,38.57,29.52,17.41,2.57,2.51,9.63
34.18,52.43,30.17,19.31,2.34,2.69,8.65
53.56,82.4,23.23,18.79,2.54,1.58,8.81
57.27,88.31,27.19,13.57,2.66,2.09,8.58
39.09,60.15,26.14,13.99,2.48,2.8,10.39
35.98,55.36,20.1,24.6,3.16,1.67,9.44
34.94,53.75,18.44,14.99,2.66,2.58,9.57
26.77,41.19,16.57,14.54,2.53,1.81,10.42
29.58,45.5,20.46,17.38,2.85,2.1,13.19
44.61,68.63,20.7,21.82,2.99,2.49,14.79
53.65,82.54,29.42,17.26,3.22,2.14,15.58
42.19,64.81,47.12,14.77,2.81,2.36,11.12
31.58,48.88,47.47,15.77,2.88,2.73,15.78
90.29,141.33,40.84,14.2,2.67,1.95,17.7
111.59,167.16,58.46,12.48,8.33,1.62,15.61
109.81,168.25,51.14,15.89,39.35,1.73,18.96
147.94,188.78,53.84,20.06,30.93,2.7,24.19
108.93,167.6,65.52,17.57,10.35,3.4,38.05
80.8,124.31,47.04,16.81,9.19,4.3,27.07
41.02,63.11,30.74,15.25,14.13,4.07,11.99
56.14,86.36,35.27,13.63,12.88,3.41,19.96
73.08,112.43,36.17,11.53,12.77,3.3,23.68
71.91,110.63,42.85,10.9,9.98,3.23,23.43
24.22,37.26,37.81,12.09,9.5,3.71,21.55
25.5,39.63,34.7,14.52,9.51,4.11,28.67
26.47,40.72,29.23,13.09,9.71,3.53,11.13
13.15,20.22,27.06,12.58,9.92,3.86,12.25
28.27,43.49,29.13,13.98,10.35,2.66,12.99
75.62,116.04,40.04,10.55,9.44,0.89,12.42
56.41,50.36,37.05,10.34,8.01,0.94,11.08
19.18,29.74,50.35,11.92,8.93,0.98,25.19
15.29,23.54,40.57,13.73,11.46,0.92,38.39
15.68,24.13,46.91,10.85,10.49,0.89,38.8
11.94,18.36,41.79,8.83,11.94,0.82,25
2.79,4.29,26.7,9.18,10.61,0.84,10.53
1.93,2.97,24.14,8.15,10.09,0.85,9.71
8.56,13.17,33.04,11.55,12.17,0.99,11.23
12.88,19.93,46.95,10.83,11,1.17,13.37
22.25,34.22,51.6,12.02,11.09,1.03,20.49
76.86,118.26,91.99,13.22,12.82,0.96,23.74
96.57,147.58,61.91,11.68,10.43,1.02,43.06
2.17,3.34,62.5,12.33,11.72,0.91,52.76
1.28,1.97,53.39,11.13,10.68,0.88,79.44
32.5,49.46,39.99,10.33,10.63,0.76,64.64
57.17,87.95,29.56,11.48,9.67,0.87,42.41
45.59,70.15,30.6,10.49,11.66,0.82,38.32
75.52,116.13,30.67,12.78,9.51,1.07,36.3
75.67,116.4,31.99,12.34,8.86,1.02,25.92
75.11,115.56,26.02,11.22,14.12,0.92,26.76
88.31,135.87,29.47,10.62,11.32,0.94,29.24
93.63,144.05,45.95,13.02,10.26,0.94,33.13
117.84,181.29,89.83,15.45,12.26,0.96,32.28
113.53,174.66,60.28,21.19,9.88,1.05,35.8
83.41,128.32,32.09,16.89,10.97,0.88,30.31
52.94,81.44,29.19,13.63,9.89,0.83,21.5
41.87,64.42,33.54,11.45,16.69,0.88,23.9
66.23,101.89,34.21,9.58,19.23,0.78,29.56
104.66,160.99,35.74,10.1,19.72,0.86,35.54
141.91,218.33,50.23,13.18,16.35,0.94,36.21
147.21,226.48,60.22,9.56,21.61,0.88,54.17
119.23,183.42,45.94,10.03,20.23,0.8,58.34
65.87,101.33,33.13,9.83,17.51,0.88,26.07
26.38,40.59,21.27,9.49,19.11,0.77,13.79
39.31,60.48,38.11,12.48,16.37,0.96,10.26
35.42,54.49,26.97,11.1,17.78,0.96,13.17
36.4,56.11,32.86,14.42,19.64,0.98,9.5
51.46,79.17,29.36,14.48,16.6,0.97,9.78
68.08,104.75,32.96,13.67,18.52,0.84,9.96
80.19,123.38,34.58,13.15,20.28,0.86,9.91
110.47,169.93,40.42,14.74,20.2,0.92,16.36
85.52,131.57,34.8,15.44,19.44,0.83,28.93
70.12,107.87,38.38,13.63,18.88,0.9,30.41
86.85,133.61,47.34,14.55,20.34,0.89,31.98
87.81,135.09,46.75,13.75,20.95,0.87,31.8
111.47,171.5,55.27,13.78,18.54,0.88,40.63
125.75,193.94,46.41,12.95,19.46,0.92,65.18
119.11,183.24,41.75,12.64,18.25,0.91,64.8
17.91,27.55,25.72,11.55,19.74,0.72,22.45
21.8,33.54,23.99,11.27,18.01,0.78,18.54
36.09,55.52,28.08,12.01,18.33,0.82,19.96
46.22,71.1,29.35,14.32,17.56,0.89,19.91
50.93,78.35,31.61,14.65,19.5,0.9,27.25
55.72,85.72,30.3,11.91,18.2,0.93,25.15
57.9,89.09,29.43,11.76,18.28,0.88,27.22
80.07,123.2,32.64,13.62,20.37,0.96,28.94
65.24,100.36,27.41,11.38,18.66,0.89,24.69
76.82,118.18,31.31,10.92,17.43,0.93,31.4
79.24,122.11,40.63,11.81,19.02,0.78,41.91
67.28,103.5,37.72,8.8,17.34,0.8,71.05
76.7,118.01,47.09,10.85,16.29,0.75,53.64
92.2,141.85,52.02,11.76,23.03,0.84,41.2
127.73,196.39,42.39,10.26,22.01,0.86,45.06
89.28,137.35,45.38,9.6,18.79,1.02,58.29
96.46,148.41,46.74,9.36,18.53,0.93,55.36
90.1,138.35,42.59,8.98,16.41,0.99,61.8
77.58,119.35,35.11,8.66,16.51,1.01,61.97
82.47,126.17,30.84,9.98,19.67,0.91,43.45
127.89,196.58,32.11,10.32,20.64,0.94,40.76
67.59,103.98,24.97,8.77,18.87,0.83,43.05
59.98,92.28,27.54,9.25,19.96,0.87,48.36
55.43,85.27,23.99,7.7,19.39,0.84,44.51
74.09,113.98,29.97,8.68,16.87,0.8,49.78
81.29,125.05,29.89,7.31,17.31,0.95,48.7
96.77,148.86,30.88,7.63,18.01,1.04,41.79
91.53,140.82,28.25,7.9,18.06,0.86,49.8
86.27,132.71,26.76,8.71,17.36,0.84,77.02
74.83,115.13,26.82,8.16,15.96,0.91,45.59
57.91,89.1,23.96,8.66,16.12,0.81,56.85
90.99,139.98,26.7,9.33,18.71,0.93,59.13
117.87,180.99,26.3,9.11,16.78,0.88,60.77
72.07,110.88,26.75,7.26,17.5,0.78,48.47
103.19,158.76,48.8,7.21,17.98,1.01,49.77
92.93,142.98,23.13,7.13,18.38,1.06,56.47
70.51,108.48,22.88,9.32,20.91,1.12,31.6
82.39,126.76,27.27,7.33,16.85,0.82,38
82.07,126.26,32.36,6.95,20.49,0.88,29.72
72.68,111.82,40.94,6.85,20.56,0.78,53.78
70.24,108.06,33.02,6.9,20.89,0.77,62.85
88.45,136.07,39.36,7.91,19.39,0.94,65.08
72.18,111.05,32.78,7.14,18.41,0.77,58.68
83.25,128.07,31.69,8.23,18.51,0.99,32.74
70.43,108.34,26.86,7.78,19.21,0.93,28.68
69.38,106.74,28.4,7.34,17.64,1.05,28.29
80.49,123.83,26.45,8.17,19.3,1.17,22.07
73.89,113.8,30.54,7.23,16.31,1.01,28.09
92.06,141.62,37.91,7.16,18.88,1.3,37.18
102.82,158.18,38.29,8.04,17.22,1.41,33.37
104.9,161.39,38.45,7.96,18.55,1.21,33.41
89.92,138.34,32.85,8.77,17.36,1.23,31.84
93.04,143.13,33.4,9.43,15.45,1.28,39.31
97.61,150.17,36.14,9.45,16.35,1.26,30.39
103.02,158.47,27.44,11.02,19.55,0.98,25.27
118.04,181.54,22.02,12.16,18.14,1.05,18.52
79.49,122.3,17.5,10.14,15.13,0.82,18.07
76.92,118.32,23.29,10.71,16.98,0.88,19.55
87.78,132.81,23.79,11.57,21.19,0.86,28.53
88.37,135.95,24.19,10.71,24.7,0.9,32.16
80.82,124.34,23.43,10.58,18.95,0.9,24.97
56.61,87.08,20.97,10.37,17.88,0.93,20.17
66.7,102.61,22.27,10.83,17.73,0.93,30.55
73.33,112.12,21.48,11.02,18.5,1,31.14
69.76,107.14,23.29,7.81,19.59,1.07,42.4
70.12,107.88,23.75,7.11,19.67,0.94,49.17
62.91,96.79,26.91,6.66,20.77,0.94,53.91
77.58,119.35,31.43,7.17,20.05,0.98,45.68
89.56,137.79,31.19,8.64,17.54,0.92,39.71
95.08,145.04,None,None,20.33,1,38.01
70.39,108.29,None,None,18.25,0.86,38.44
64.77,99.65,24,9.16,22.19,0.84,31.64
66,101.54,25.64,8.78,18.57,1.05,35.03
59.3,91.23,27.55,8.34,21.06,1.24,39.62
65.4,100.62,27.3,8.21,20.03,1.31,39.95
67.52,103.87,27.05,7.73,23.54,1.28,41.51
76.73,118.44,30.25,9.5,22.26,1.47,44.35
63.96,98.4,24.74,8.14,17.47,1.29,44.72
58.71,90.31,26.96,8.04,17.41,1.41,36.95
71.97,110.72,28.77,9.11,18.7,1.44,40.06
75.54,116.22,25.58,7.9,19.42,1.56,21.89
38.61,59.39,19.67,8.21,18.83,1.33,14.92
47.26,72.65,14.98,10.94,22.24,1.49,18.23
31.95,49.15,17.95,10.07,21.35,1.43,15.12
30.98,47.65,15.18,11,18.77,1.49,14.78
22.22,34.29,16.21,10.97,18.66,1.68,13.37
30.3,46.67,15.78,10.25,19.92,1.37,13.65
23.69,36.45,13.06,7.78,17.47,1.24,13.29
21.71,33.4,13.16,7.84,15.83,1.49,11.91
31.46,48.39,14.9,9.1,18.78,1.34,13.76
20,30.77,13.76,8.54,18.55,1.18,11.32
20.83,32.04,12.99,8.75,19.01,1.1,11.19
24.65,37.92,13.12,9.04,20.07,1.18,12.65
28.14,43.38,18.51,12.71,17.6,1.21,12.41
34.36,52.87,14.19,10.49,20.84,1.26,18.26
39.32,85.68,22.74,16.57,12.53,1.59,12.9
None,62.26,48.33,9.24,2.2,2.41,8.44
None,43.68,122.4,12.91,1.82,1.79,15.56
None,36.13,41.66,15.54,2.07,1.59,19.43
None,45.51,49.04,11.34,2.11,1.48,24.67
None,31.82,43.93,7.34,2.03,1.5,21.74
27.04,38.07,32.62,5.83,2.29,2.03,21.37
24.01,36.94,37.37,5.37,2.29,2.22,19.41
20.98,32.28,44.9,4.59,2.08,2.46,16.71
25.53,39.28,74.54,4.4,2.09,3.58,22.1
34.44,52.99,90.02,2.17,2.03,2.79,22.92
43.26,66.55,77.81,5.58,2.58,2.31,23.87
47.84,73.6,82.81,4.99,2.48,1.29,30.39
59.62,91.72,96.83,3.54,1.86,2.13,30.59
85.18,131.06,88.07,0.72,1.9,2.65,27.43
63.2,97.22,86.97,3.86,2.01,2.71,26.96
51.72,79.56,70.76,2.84,1.95,2.46,27.05
55.25,85,57.34,3.8,2.07,2.47,34.93
66.68,102.58,72.42,9.83,2.4,2.06,30.78
54.37,83.65,60.4,4.6,2.21,1.95,24.55
49.9,76.77,61.84,4.38,2.31,2.29,25.41
52.99,81.85,61.43,5.57,2.31,2.18,29.56
44.3,68.16,42.01,3.73,2.29,2.18,28.69
40.9,62.92,43.66,8.09,2,2.15,23.26
29.73,45.9,40.05,6.15,2,2.31,21.2
33.31,51.25,46.79,3.73,2.08,2.21,20.05
30.94,47.61,49.7,6.92,2.28,2.45,15.46
52.31,80.4,60.18,4.79,2.55,2.05,15.78
59.27,91.19,72.65,2.84,2,2.52,14.63
39.73,61.12,67.48,4.81,2,2.64,14.33
38.99,59.99,52.69,6.4,2,2.45,14.23
32.54,50.05,52.53,4.87,2,1.78,14.65
22.43,34.51,52.73,39.41,2,2.39,14.35
16,24.62,51.88,10.93,2.17,3.47,14.22
36.7,56.46,92.51,1.66,2.21,3.51,14.33
35.11,54.01,89.41,2.41,2.69,2.54,16.52
40.67,62.57,72.94,2.38,2.86,3.51,15.66
36.58,56.27,89.7,3.69,2.71,2.59,17.1
41.53,63.9,80.55,3.48,2.43,2.78,19.72
40.07,61.64,71.6,7,1.75,2.12,22.43
None,None,None,None,None,None,19.13
None,None,42.48,18.09,None,None,18.87
None,None,55.08,17.45,None,None,21.54
None,None,146.53,14.51,None,None,20.77
None,None,60.53,12.8,None,None,16.14
None,None,81.2,9.02,None,None,17.4
67.96,104.55,71.04,12.95,0.95,4.09,18.72
58.15,89.47,57.85,16.38,2.46,2.36,21.62
61.9,95.24,92.34,15.28,2.61,3.43,18.87
44.05,67.77,19.62,22.24,2.42,4.52,16.84
46.36,71.33,223.42,6.71,2.98,4.3,17.97
45.15,69.75,102,10.36,2.12,3.57,18.46
44.06,67.78,81.39,8.48,2.04,3.93,17.65
42.92,66.03,56.49,12.6,2.17,5.29,16.58
44.16,67.94,49.52,14.8,2.38,4.21,19.58
48.39,74.45,75.99,10.36,2.83,3.19,19.13
46.41,71.4,84.3,4.49,2.36,3.61,17.26
49.99,76.91,88.29,23.38,2.71,3.02,20.65
54.44,83.72,154.62,20.11,2.37,2.46,19.59
48.3,74.31,56.74,40.78,2.33,3.88,19.89
64.81,99.71,49.27,30.83,3.12,2.92,19.3
48.76,75.02,52.87,28.95,2.94,3.63,18.27
65.81,101.25,70,26.26,2.84,3.02,19.73
49.13,75.58,80.33,26.53,3.07,4.4,17.86
96.06,98.12,74.15,25.36,2.93,3.32,24.12
54.82,84.33,63.92,33.84,2.55,3.1,20.66
83.79,79.17,84.03,20.42,4.43,4.15,17.76
57.17,87.94,77.86,28.1,3.56,2.56,17.65
41.74,64.21,131.84,20.95,4.44,1.26,17.25
61.51,94.62,72.84,34.97,2.85,1.13,24.97
40.62,63.45,74.92,27.35,2.89,1.17,45.65
38.31,58.93,67.98,26.52,2.34,1.55,44.07
36.36,55.94,94.92,24.91,2.79,1.32,41.32
30.63,47.11,67.45,25.28,2.04,1.77,38.93
32.33,49.75,65.51,24.34,2.2,1.55,40.54
36.42,56.03,94.15,24.8,2.28,1.66,38.82
44.51,68.48,83.12,22.04,1.95,1.47,38.54
53.3,82,84.41,27.61,2.49,1.55,41.05
46.49,71.51,134.43,27.95,3.17,0.85,38.32
48.56,74.72,71.27,33.06,1.61,1.03,39.52
39.68,61.04,48.67,30.76,2.47,1.83,37.02
29.48,45.35,101.44,16.1,3.29,1.41,37.97
32.01,49.25,76.75,19.63,2.53,1.25,36.91
39.6,60.75,59.96,23.89,2.58,2.23,38.98
55.63,85.59,78.43,19.28,3.08,1.65,37.89
47.09,72.45,69.82,24.56,2.77,1.85,38.28
40.23,61.89,75.97,19.63,3.44,1.46,38.15
53.55,82.38,68.89,24.02,2.9,1.91,40.26
41.54,63.9,61.72,22.54,3.03,1.69,38.22
41.26,63.48,61.29,21.86,2.77,2.2,39.32
31.58,48.58,62.86,22.7,2.89,1.64,38.36
28.3,43.54,103.11,19.87,3.12,1.19,39.08
29.59,45.52,73.9,23.58,2.9,0.99,38.83
38.06,58.72,61.84,24.98,2.84,1.56,38.13
42.12,64.81,55.33,22.24,2.94,0.91,38.36
38.84,59.75,51.32,21.07,3.41,0.73,38.46
37.61,57.87,58.02,19.63,3.11,0.76,38.14
35.29,54.28,73.04,17.54,3.62,0.81,37.83
36.48,56.12,62.84,15.53,3.83,0.7,38.13
43.37,66.72,118.29,16.32,3.26,0.87,38.58
42.04,64.68,72.48,25.79,3.86,0.97,38.49
33.02,50.8,56.21,20.87,3,0.84,41.29
30.64,47.13,55.56,19.55,2.98,1.01,39.93
38.92,59.88,61.53,17.76,3.48,1.05,37.66
43.62,67.1,61.31,17.17,3.35,0.98,39.02
36.33,55.89,134.22,22.32,3.46,2.12,39.13
40.33,62.05,102.59,29.21,3.3,1.37,38.68
39.61,60.94,104.54,15.3,3.45,1.04,38.69
42.62,65.42,89.22,24.92,2.89,1.26,38.94
47.99,73.83,96.52,17.56,3.45,1.5,38.82
56.4,86.61,109.64,15.1,3.1,1.87,38.64
51.03,78.51,121.39,21.38,2.32,1.16,38.17
60.45,93,114.49,20.15,2.12,1.01,37.38
63.15,97.15,106.45,21.15,1.95,1.19,37.53
48.14,74.06,93.38,21.43,2.04,1.5,37.1
29.87,45.96,58.1,27.25,2.44,1.36,37.5
33.26,51.03,83.64,20.71,2.37,0.98,38.19
25.28,38.92,89.56,23.18,2.49,0.99,36.92
32.22,49.56,75.35,19.79,2.57,0.85,37.05
38,58.47,61.92,29.72,2.28,0.89,38.3
50.15,77.16,124.9,18,2.98,0.98,36.83
45.24,69.59,84.3,23.6,2.04,1.06,37.66
35.61,54.79,52.85,29.35,2.77,0.93,38.18
35.44,54.53,63.57,27.03,3.26,1.24,38.58
43.29,66.6,84.01,23.4,2.33,1.11,37.32
50.32,77.41,92.71,20.59,2.3,0.85,37.33
56.08,86.28,69.39,27.03,3.36,1.54,37.16
41.96,64.55,52.03,27.93,4.07,2.78,None
43.71,67.25,48.17,22.99,3.4,1.55,38.25
43.36,66.7,21.74,26.96,3.65,1.52,31.63
43.13,66.21,25.39,25.65,4.12,1.93,31.41
45.1,69.39,24.97,15.03,4.57,1.54,30.67
54.24,83.45,31.56,10.69,3.24,2.4,31.72
41.72,64.19,40.07,8.71,3.87,1.78,28.48
43.84,67.44,36.92,9.59,3.41,1.44,29.84
40.65,62.54,39.57,13.99,3.41,2.32,28.8
49.78,76.59,47.73,5.33,3.18,1.75,29.38
29.76,45.95,33.25,7.64,4.35,1.75,28.92
40.19,61.83,26.65,14.32,3.26,2.12,28.6
47.69,73.37,28.9,15.82,3.23,2.04,29.31
42.5,65.38,28.25,15.06,3.45,2.21,28.59
35.58,54.74,43.76,11.01,2.79,3.68,29.75
51.77,79.71,40.61,12.16,4.04,1.76,28.92
38.61,59.41,43.92,13.07,5.38,0.8,29.37
29.54,79.77,37.48,17.36,4.88,1.98,16.2
None,92.7,59.95,7.93,6.45,2.32,4.41
None,102.27,61.51,7.51,6.01,1.64,4.3
None,107.22,58.07,8.26,4.54,1.11,9.06
None,75.05,50.1,9.93,4.23,3.02,14.85
None,68.68,44.24,11.66,4.63,2.03,15.08
None,61.59,77.73,8.78,3.43,2.05,13.89
None,48.13,61,10.15,4.68,3.7,15.14
None,33.66,84.61,9.16,4.34,3.95,16.31
None,36,90.93,11.6,3.95,2.52,17.09
None,33,80.73,10.54,3.47,1.14,14.44
None,60.64,67.14,12.06,3.63,0.79,15.44
None,53.16,75.27,14.1,3.56,0.81,16.08
None,37.05,65.07,10.25,3.67,1.57,14.02
None,51.53,101.38,2.81,4.75,0.71,14.36
None,63.6,99.71,3.26,4.09,0.4,14.27
None,48.62,60.21,8.87,3.51,1.39,14.82
None,45.89,76.59,10.22,3.27,1.72,15.1
None,41.33,58.29,7.2,4.62,1.25,14.11
None,52.97,65.15,10.45,4.42,1.03,14
None,51.17,78.82,9.82,4.3,1.14,13.17
None,52.88,57,8.63,4.65,0.7,14.09
None,54.06,52.3,10.13,4.53,0.52,14.37
36.08,56.99,65.7,14.25,3.8,1.17,13.43
20.21,49.27,64.12,26.27,3.03,1.73,12.64
None,51.39,62.08,24.62,3.91,0.9,13.61
None,41.8,54.77,33.01,2.43,3.27,12.1
None,29.04,51.42,27.11,3.3,1.65,17.86
None,31.14,52.78,27.71,2.88,1.97,10.43
None,40.74,62.46,27.11,2.72,1.87,12.76
None,47.94,72.87,26.04,2.67,0.63,13.55
None,36.11,94.47,17.59,2.72,1.96,12.18
23.35,42.59,49.03,16.62,3.28,0.75,11.73
17.99,45.16,43.82,18.09,2.92,1.23,11.51
10.46,31.39,57.09,13.65,3,1.25,11.52
10.43,31.33,76.07,12.84,3.07,1.42,11.23
13.4,36.76,65.01,14.08,3.21,1.32,11.77
13.34,36.66,73.79,10.47,3.14,1.04,11.75
13.8,37.49,76.78,12.57,3.57,0.78,11.25
13.05,36.16,86.58,11.14,3.81,1.56,12.57
12.4,34.93,81.26,19.87,3.05,1.53,14.31
9.25,29.17,83.23,22.96,2.82,1.17,10.99
10.49,31.45,61.91,27,2.91,1.12,11.79
14.35,38.51,78.66,27.26,2.77,1.21,12.19
16.01,41.53,72.4,16.07,3.9,0.8,12.13
12.82,35.7,70.8,12.95,4.69,0.82,12.29
14.93,39.56,87.74,14.82,4.45,1.08,12.29
17.53,44.32,54.21,17.24,4.88,1.06,10.39
16.87,43.11,37.91,19.79,2.07,1.61,4.6
